[2026-01-07 12:03:31] [32minfo[39m: Server is running on port 3000
[2026-01-07 12:04:56] [32minfo[39m: Server is running on port 3000
[2026-01-07 12:05:07] [32minfo[39m: Server is running on port 3000
[2026-01-07 12:05:10] [32minfo[39m: Server is running on port 3000
[2026-01-07 12:05:13] [32minfo[39m: Server is running on port 3000
[2026-01-07 12:05:17] [32minfo[39m: Server is running on port 3000
[2026-01-07 12:05:28] [32minfo[39m: Server is running on port 3000
[2026-01-07 12:05:30] [32minfo[39m: Server is running on port 3000
[2026-01-07 12:05:32] [32minfo[39m: Server is running on port 3000
[2026-01-07 12:05:35] [32minfo[39m: Server is running on port 3000
[2026-01-07 12:05:38] [32minfo[39m: Server is running on port 3000
[2026-01-07 12:05:53] [32minfo[39m: Server is running on port 3000
[2026-01-07 12:05:53] [32minfo[39m: Database connected successfully
[2026-01-07 12:05:58] [32minfo[39m: Server is running on port 3000
[2026-01-07 12:05:58] [32minfo[39m: Database connected successfully
[2026-01-07 12:06:00] [32minfo[39m: Server is running on port 3000
[2026-01-07 12:06:00] [32minfo[39m: Database connected successfully
[2026-01-07 16:27:23] [32minfo[39m: Server is running on port 3000
[2026-01-07 16:27:23] [32minfo[39m: Database connected successfully
[2026-01-07 17:00:27] [32minfo[39m: Server is running on port 3000
[2026-01-07 17:00:27] [32minfo[39m: Database connected successfully
[2026-01-07 17:00:43] [32minfo[39m: Server is running on port 3000
[2026-01-07 17:00:43] [32minfo[39m: Database connected successfully
[2026-01-07 17:00:45] [32minfo[39m: Server is running on port 3000
[2026-01-07 17:00:45] [32minfo[39m: Database connected successfully
[2026-01-07 17:00:48] [32minfo[39m: Server is running on port 3000
[2026-01-07 17:00:48] [32minfo[39m: Database connected successfully
[2026-01-07 17:00:50] [32minfo[39m: Server is running on port 3000
[2026-01-07 17:00:50] [32minfo[39m: Database connected successfully
[2026-01-07 17:00:51] [32minfo[39m: Server is running on port 3000
[2026-01-07 17:00:51] [32minfo[39m: Database connected successfully
[2026-01-07 17:00:58] [32minfo[39m: Server is running on port 3000
[2026-01-07 17:00:58] [32minfo[39m: Database connected successfully
[2026-01-07 17:01:00] [32minfo[39m: Server is running on port 3000
[2026-01-07 17:01:00] [32minfo[39m: Database connected successfully
[2026-01-07 17:01:03] [32minfo[39m: Server is running on port 3000
[2026-01-07 17:01:03] [32minfo[39m: Database connected successfully
[2026-01-07 17:01:04] [32minfo[39m: Server is running on port 3000
[2026-01-07 17:01:04] [32minfo[39m: Database connected successfully
[2026-01-07 17:01:07] [32minfo[39m: Server is running on port 3000
[2026-01-07 17:01:07] [32minfo[39m: Database connected successfully
[2026-01-07 17:01:24] [32minfo[39m: Server is running on port 3000
[2026-01-07 17:01:24] [32minfo[39m: Database connected successfully
[2026-01-07 17:01:39] [32minfo[39m: Server is running on port 3000
[2026-01-07 17:01:39] [32minfo[39m: Database connected successfully
[2026-01-07 17:02:32] [32minfo[39m: Server is running on port 3000
[2026-01-07 17:02:32] [32minfo[39m: Database connected successfully
[2026-01-07 17:04:02] [32minfo[39m: Server is running on port 3000
[2026-01-07 17:04:02] [32minfo[39m: Database connected successfully
[2026-01-07 17:04:04] [32minfo[39m: Server is running on port 3000
[2026-01-07 17:04:04] [32minfo[39m: Database connected successfully
[2026-01-07 17:05:03] [32minfo[39m: Server is running on port 3000
[2026-01-07 17:05:03] [31merror[39m: Database connection failed: database "practice_db" does not exist
[2026-01-07 21:36:45] [32minfo[39m: Server is running on port 3000
[2026-01-07 21:36:46] [32minfo[39m: Database connected successfully
[2026-01-07 22:51:08] [32minfo[39m: Server is running on port 3000
[2026-01-07 22:51:09] [32minfo[39m: Database connected successfully
[2026-01-07 22:51:27] [32minfo[39m: Server is running on port 3000
[2026-01-07 22:51:27] [32minfo[39m: Database connected successfully
[2026-01-07 22:51:29] [32minfo[39m: Server is running on port 3000
[2026-01-07 22:51:29] [32minfo[39m: Database connected successfully
[2026-01-07 22:51:31] [32minfo[39m: Server is running on port 3000
[2026-01-07 22:51:31] [32minfo[39m: Database connected successfully
[2026-01-07 22:51:32] [32minfo[39m: Server is running on port 3000
[2026-01-07 22:51:33] [32minfo[39m: Database connected successfully
[2026-01-07 22:51:33] [32minfo[39m: Table questions created or already exists.
[2026-01-07 22:53:15] [32minfo[39m: Server is running on port 8000
[2026-01-07 22:53:15] [32minfo[39m: Database connected successfully
[2026-01-07 22:53:15] [32minfo[39m: Table questions created or already exists.
[2026-01-07 22:55:53] [32minfo[39m: Server is running on port 8000
[2026-01-07 22:55:53] [32minfo[39m: Database connected successfully
[2026-01-07 22:55:53] [32minfo[39m: Table questions created or already exists.
[2026-01-07 22:55:56] [32minfo[39m: Server is running on port 8000
[2026-01-07 22:55:56] [32minfo[39m: Database connected successfully
[2026-01-07 22:55:56] [32minfo[39m: Table questions created or already exists.
[2026-01-07 22:55:59] [32minfo[39m: Server is running on port 8000
[2026-01-07 22:55:59] [32minfo[39m: Database connected successfully
[2026-01-07 22:55:59] [32minfo[39m: Table questions created or already exists.
[2026-01-07 22:56:31] [32minfo[39m: Server is running on port 8000
[2026-01-07 22:56:31] [32minfo[39m: Database connected successfully
[2026-01-07 22:56:31] [32minfo[39m: Table questions created or already exists.
[2026-01-07 22:56:34] [32minfo[39m: Server is running on port 8000
[2026-01-07 22:56:34] [32minfo[39m: Database connected successfully
[2026-01-07 22:56:34] [32minfo[39m: Table questions created or already exists.
[2026-01-07 22:56:36] [32minfo[39m: Server is running on port 8000
[2026-01-07 22:56:36] [32minfo[39m: Database connected successfully
[2026-01-07 22:56:36] [32minfo[39m: Table questions created or already exists.
[2026-01-07 22:57:53] [32minfo[39m: Server is running on port 8000
[2026-01-07 22:57:53] [32minfo[39m: Database connected successfully
[2026-01-07 22:57:53] [32minfo[39m: Table questions created or already exists.
[2026-01-07 22:57:54] [32minfo[39m: Server is running on port 8000
[2026-01-07 22:57:54] [32minfo[39m: Database connected successfully
[2026-01-07 22:57:54] [32minfo[39m: Table questions created or already exists.
[2026-01-07 22:57:58] [32minfo[39m: Server is running on port 8000
[2026-01-07 22:57:58] [32minfo[39m: Database connected successfully
[2026-01-07 22:57:58] [32minfo[39m: Table questions created or already exists.
[2026-01-07 23:01:09] [32minfo[39m: Server is running on port 8000
[2026-01-07 23:01:09] [32minfo[39m: Database connected successfully
[2026-01-07 23:01:09] [32minfo[39m: Table questions created or already exists.
[2026-01-07 23:01:22] [32minfo[39m: Server is running on port 8000
[2026-01-07 23:01:22] [32minfo[39m: Database connected successfully
[2026-01-07 23:01:22] [32minfo[39m: Table questions created or already exists.
[2026-01-07 23:01:33] [32minfo[39m: Server is running on port 8000
[2026-01-07 23:01:33] [32minfo[39m: Database connected successfully
[2026-01-07 23:01:33] [32minfo[39m: Table questions created or already exists.
[2026-01-07 23:01:39] [32minfo[39m: Server is running on port 8000
[2026-01-07 23:01:39] [32minfo[39m: Database connected successfully
[2026-01-07 23:01:39] [32minfo[39m: Table questions created or already exists.
[2026-01-07 23:03:19] [32minfo[39m: Server is running on port 8000
[2026-01-07 23:03:19] [32minfo[39m: Database connected successfully
[2026-01-07 23:03:19] [32minfo[39m: Table questions created or already exists.
[2026-01-07 23:03:25] [32minfo[39m: Server is running on port 8000
[2026-01-07 23:03:25] [32minfo[39m: Database connected successfully
[2026-01-07 23:03:25] [32minfo[39m: Table questions created or already exists.
[2026-01-07 23:03:27] [32minfo[39m: Server is running on port 8000
[2026-01-07 23:03:27] [32minfo[39m: Database connected successfully
[2026-01-07 23:03:27] [32minfo[39m: Table questions created or already exists.
[2026-01-07 23:03:34] [32minfo[39m: Server is running on port 8000
[2026-01-07 23:03:34] [32minfo[39m: Database connected successfully
[2026-01-07 23:03:34] [32minfo[39m: Table questions created or already exists.
[2026-01-07 23:04:31] [32minfo[39m: Server is running on port 8000
[2026-01-07 23:04:31] [32minfo[39m: Database connected successfully
[2026-01-07 23:04:31] [32minfo[39m: Table questions created or already exists.
[2026-01-07 23:04:34] [32minfo[39m: Server is running on port 8000
[2026-01-07 23:04:34] [32minfo[39m: Database connected successfully
[2026-01-07 23:04:34] [32minfo[39m: Table questions created or already exists.
[2026-01-07 23:04:39] [32minfo[39m: Server is running on port 8000
[2026-01-07 23:04:39] [32minfo[39m: Database connected successfully
[2026-01-07 23:04:39] [32minfo[39m: Table questions created or already exists.
[2026-01-07 23:04:43] [32minfo[39m: Server is running on port 8000
[2026-01-07 23:04:43] [32minfo[39m: Database connected successfully
[2026-01-07 23:04:43] [32minfo[39m: Table questions created or already exists.
[2026-01-07 23:05:32] [32minfo[39m: Server is running on port 8000
[2026-01-07 23:05:32] [32minfo[39m: Database connected successfully
[2026-01-07 23:05:32] [32minfo[39m: Table questions created or already exists.
[2026-01-07 23:05:34] [32minfo[39m: Server is running on port 8000
[2026-01-07 23:05:34] [32minfo[39m: Database connected successfully
[2026-01-07 23:05:34] [32minfo[39m: Table questions created or already exists.
[2026-01-07 23:05:37] [32minfo[39m: Server is running on port 8000
[2026-01-07 23:05:37] [32minfo[39m: Database connected successfully
[2026-01-07 23:05:37] [32minfo[39m: Table questions created or already exists.
[2026-01-07 23:05:58] [32minfo[39m: Server is running on port 8000
[2026-01-07 23:05:58] [32minfo[39m: Database connected successfully
[2026-01-07 23:05:58] [32minfo[39m: Table questions created or already exists.
[2026-01-07 23:06:38] [32minfo[39m: Server is running on port 8000
[2026-01-07 23:06:38] [32minfo[39m: Database connected successfully
[2026-01-07 23:06:38] [32minfo[39m: Table questions created or already exists.
[2026-01-07 23:06:46] [32minfo[39m: Server is running on port 8000
[2026-01-07 23:06:46] [32minfo[39m: Database connected successfully
[2026-01-07 23:06:46] [32minfo[39m: Table questions created or already exists.
[2026-01-07 23:06:50] [32minfo[39m: Server is running on port 8000
[2026-01-07 23:06:50] [32minfo[39m: Database connected successfully
[2026-01-07 23:06:50] [32minfo[39m: Table questions created or already exists.
[2026-01-07 23:06:54] [32minfo[39m: Server is running on port 8000
[2026-01-07 23:06:54] [32minfo[39m: Database connected successfully
[2026-01-07 23:06:54] [32minfo[39m: Table questions created or already exists.
[2026-01-07 23:07:21] [32minfo[39m: Server is running on port 8000
[2026-01-07 23:07:21] [32minfo[39m: Database connected successfully
[2026-01-07 23:07:21] [32minfo[39m: Table questions created or already exists.
[2026-01-07 23:07:22] [32minfo[39m: Server is running on port 8000
[2026-01-07 23:07:22] [32minfo[39m: Database connected successfully
[2026-01-07 23:07:22] [32minfo[39m: Table questions created or already exists.
[2026-01-07 23:07:24] [32minfo[39m: Server is running on port 8000
[2026-01-07 23:07:24] [32minfo[39m: Database connected successfully
[2026-01-07 23:07:24] [32minfo[39m: Table questions created or already exists.
[2026-01-07 23:07:27] [32minfo[39m: Server is running on port 8000
[2026-01-07 23:07:27] [32minfo[39m: Database connected successfully
[2026-01-07 23:07:27] [32minfo[39m: Table questions created or already exists.
[2026-01-07 23:08:25] [32minfo[39m: Server is running on port 8000
[2026-01-07 23:08:25] [32minfo[39m: Database connected successfully
[2026-01-07 23:08:25] [32minfo[39m: Table questions created or already exists.
[2026-01-07 23:09:00] [32minfo[39m: Server is running on port 8000
[2026-01-07 23:09:00] [32minfo[39m: Database connected successfully
[2026-01-07 23:09:00] [32minfo[39m: Table questions created or already exists.
[2026-01-07 23:09:06] [32minfo[39m: Server is running on port 8000
[2026-01-07 23:09:06] [32minfo[39m: Database connected successfully
[2026-01-07 23:09:06] [32minfo[39m: Table questions created or already exists.
[2026-01-07 23:09:08] [32minfo[39m: Server is running on port 8000
[2026-01-07 23:09:08] [32minfo[39m: Database connected successfully
[2026-01-07 23:09:08] [32minfo[39m: Table questions created or already exists.
[2026-01-07 23:09:26] [32minfo[39m: Server is running on port 8000
[2026-01-07 23:09:26] [32minfo[39m: Database connected successfully
[2026-01-07 23:09:26] [32minfo[39m: Table questions created or already exists.
[2026-01-07 23:09:27] [32minfo[39m: Server is running on port 8000
[2026-01-07 23:09:27] [32minfo[39m: Database connected successfully
[2026-01-07 23:09:27] [32minfo[39m: Table questions created or already exists.
[2026-01-07 23:09:30] [32minfo[39m: Server is running on port 8000
[2026-01-07 23:09:30] [32minfo[39m: Database connected successfully
[2026-01-07 23:09:30] [32minfo[39m: Table questions created or already exists.
[2026-01-07 23:09:47] [32minfo[39m: Server is running on port 8000
[2026-01-07 23:09:47] [32minfo[39m: Database connected successfully
[2026-01-07 23:09:47] [32minfo[39m: Table questions created or already exists.
[2026-01-07 23:09:48] [32minfo[39m: Server is running on port 8000
[2026-01-07 23:09:48] [32minfo[39m: Database connected successfully
[2026-01-07 23:09:48] [32minfo[39m: Table questions created or already exists.
[2026-01-07 23:09:55] [32minfo[39m: Server is running on port 8000
[2026-01-07 23:09:55] [32minfo[39m: Database connected successfully
[2026-01-07 23:09:55] [32minfo[39m: Table questions created or already exists.
[2026-01-07 23:10:28] [32minfo[39m: Server is running on port 8000
[2026-01-07 23:10:28] [32minfo[39m: Database connected successfully
[2026-01-07 23:10:28] [32minfo[39m: Table questions created or already exists.
[2026-01-07 23:10:29] [32minfo[39m: Server is running on port 8000
[2026-01-07 23:10:29] [32minfo[39m: Database connected successfully
[2026-01-07 23:10:29] [32minfo[39m: Table questions created or already exists.
[2026-01-07 23:11:26] [32minfo[39m: Server is running on port 8000
[2026-01-07 23:11:26] [32minfo[39m: Database connected successfully
[2026-01-07 23:11:26] [32minfo[39m: Table questions created or already exists.
[2026-01-07 23:11:38] [32minfo[39m: Server is running on port 8000
[2026-01-07 23:11:38] [32minfo[39m: Database connected successfully
[2026-01-07 23:11:38] [32minfo[39m: Table questions created or already exists.
[2026-01-07 23:11:43] [32minfo[39m: Server is running on port 8000
[2026-01-07 23:11:43] [32minfo[39m: Database connected successfully
[2026-01-07 23:11:43] [32minfo[39m: Table questions created or already exists.
[2026-01-07 23:11:44] [32minfo[39m: Server is running on port 8000
[2026-01-07 23:11:44] [32minfo[39m: Database connected successfully
[2026-01-07 23:11:44] [32minfo[39m: Table questions created or already exists.
[2026-01-07 23:11:49] [32minfo[39m: Server is running on port 8000
[2026-01-07 23:11:49] [32minfo[39m: Database connected successfully
[2026-01-07 23:11:49] [32minfo[39m: Table questions created or already exists.
[2026-01-07 23:11:51] [32minfo[39m: Server is running on port 8000
[2026-01-07 23:11:51] [32minfo[39m: Database connected successfully
[2026-01-07 23:11:51] [32minfo[39m: Table questions created or already exists.
[2026-01-07 23:12:07] [32minfo[39m: Server is running on port 8000
[2026-01-07 23:12:07] [32minfo[39m: Database connected successfully
[2026-01-07 23:12:07] [32minfo[39m: Table questions created or already exists.
[2026-01-07 23:12:23] [32minfo[39m: Server is running on port 8000
[2026-01-07 23:12:23] [32minfo[39m: Database connected successfully
[2026-01-07 23:12:23] [32minfo[39m: Table questions created or already exists.
[2026-01-07 23:12:26] [32minfo[39m: Server is running on port 8000
[2026-01-07 23:12:26] [32minfo[39m: Database connected successfully
[2026-01-07 23:12:26] [32minfo[39m: Table questions created or already exists.
[2026-01-07 23:12:38] [32minfo[39m: Server is running on port 8000
[2026-01-07 23:12:38] [32minfo[39m: Database connected successfully
[2026-01-07 23:12:38] [32minfo[39m: Table questions created or already exists.
[2026-01-07 23:12:42] [32minfo[39m: Server is running on port 8000
[2026-01-07 23:12:42] [32minfo[39m: Database connected successfully
[2026-01-07 23:12:42] [32minfo[39m: Table questions created or already exists.
[2026-01-07 23:13:18] [32minfo[39m: Server is running on port 8000
[2026-01-07 23:13:18] [32minfo[39m: Database connected successfully
[2026-01-07 23:13:18] [32minfo[39m: Table questions created or already exists.
[2026-01-07 23:13:22] [32minfo[39m: Server is running on port 8000
[2026-01-07 23:13:22] [32minfo[39m: Database connected successfully
[2026-01-07 23:13:22] [32minfo[39m: Table questions created or already exists.
[2026-01-07 23:13:23] [32minfo[39m: Server is running on port 8000
[2026-01-07 23:13:23] [32minfo[39m: Database connected successfully
[2026-01-07 23:13:23] [32minfo[39m: Table questions created or already exists.
[2026-01-07 23:15:16] [32minfo[39m: Server is running on port 8000
[2026-01-07 23:15:16] [32minfo[39m: Database connected successfully
[2026-01-07 23:15:18] [32minfo[39m: Server is running on port 8000
[2026-01-07 23:15:18] [32minfo[39m: Database connected successfully
[2026-01-07 23:15:18] [32minfo[39m: Table questions created or already exists.
[2026-01-07 23:15:26] [32minfo[39m: Server is running on port 8000
[2026-01-07 23:15:27] [32minfo[39m: Database connected successfully
[2026-01-07 23:15:27] [32minfo[39m: Table questions created or already exists.
[2026-01-07 23:16:08] [32minfo[39m: Server is running on port 8000
[2026-01-07 23:16:08] [32minfo[39m: Database connected successfully
[2026-01-07 23:16:08] [32minfo[39m: Table questions created or already exists.
[2026-01-07 23:17:38] [32minfo[39m: Server is running on port 8000
[2026-01-07 23:17:38] [32minfo[39m: Database connected successfully
[2026-01-07 23:17:38] [31merror[39m: Error: syntax error at or near ","
[2026-01-07 23:18:40] [32minfo[39m: Server is running on port 8000
[2026-01-07 23:18:40] [32minfo[39m: Database connected successfully
[2026-01-07 23:18:40] [31merror[39m: Error: syntax error at or near ","
[2026-01-07 23:18:46] [32minfo[39m: Server is running on port 8000
[2026-01-07 23:18:46] [32minfo[39m: Database connected successfully
[2026-01-07 23:18:46] [32minfo[39m: Table questions created or already exists.
[2026-01-07 23:18:52] [32minfo[39m: Server is running on port 8000
[2026-01-07 23:18:52] [32minfo[39m: Database connected successfully
[2026-01-07 23:18:52] [32minfo[39m: Table questions created or already exists.
[2026-01-07 23:19:01] [32minfo[39m: Server is running on port 8000
[2026-01-07 23:19:01] [32minfo[39m: Database connected successfully
[2026-01-07 23:19:01] [31merror[39m: Error: syntax error at or near ","
[2026-01-07 23:19:12] [32minfo[39m: Server is running on port 8000
[2026-01-07 23:19:12] [32minfo[39m: Database connected successfully
[2026-01-07 23:19:12] [32minfo[39m: Table questions created or already exists.
[2026-01-07 23:19:19] [32minfo[39m: Server is running on port 8000
[2026-01-07 23:19:20] [32minfo[39m: Database connected successfully
[2026-01-07 23:19:20] [32minfo[39m: Table questions created or already exists.
[2026-01-07 23:19:39] [32minfo[39m: Server is running on port 8000
[2026-01-07 23:19:39] [32minfo[39m: Database connected successfully
[2026-01-07 23:19:39] [32minfo[39m: Table questions created or already exists.
[2026-01-07 23:20:02] [32minfo[39m: Server is running on port 8000
[2026-01-07 23:20:02] [32minfo[39m: Database connected successfully
[2026-01-07 23:20:02] [32minfo[39m: Table questions created or already exists.
[2026-01-07 23:22:56] [32minfo[39m: Server is running on port 8000
[2026-01-07 23:22:56] [32minfo[39m: Database connected successfully
[2026-01-07 23:22:56] [32minfo[39m: Table questions created or already exists.
[2026-01-07 23:23:05] [32minfo[39m: Server is running on port 8000
[2026-01-07 23:23:05] [32minfo[39m: Database connected successfully
[2026-01-07 23:23:05] [32minfo[39m: Table questions created or already exists.
[2026-01-07 23:23:09] [32minfo[39m: Server is running on port 8000
[2026-01-07 23:23:09] [32minfo[39m: Database connected successfully
[2026-01-07 23:23:09] [32minfo[39m: Table questions created or already exists.
[2026-01-07 23:23:12] [32minfo[39m: Server is running on port 8000
[2026-01-07 23:23:12] [32minfo[39m: Database connected successfully
[2026-01-07 23:23:12] [32minfo[39m: Table questions created or already exists.
[2026-01-07 23:23:14] [32minfo[39m: Server is running on port 8000
[2026-01-07 23:23:14] [32minfo[39m: Database connected successfully
[2026-01-07 23:23:14] [32minfo[39m: Table questions created or already exists.
[2026-01-07 23:23:16] [32minfo[39m: Server is running on port 8000
[2026-01-07 23:23:16] [32minfo[39m: Database connected successfully
[2026-01-07 23:23:16] [32minfo[39m: Table questions created or already exists.
[2026-01-07 23:23:17] [32minfo[39m: Server is running on port 8000
[2026-01-07 23:23:17] [32minfo[39m: Database connected successfully
[2026-01-07 23:23:17] [32minfo[39m: Table questions created or already exists.
[2026-01-07 23:25:42] [32minfo[39m: Server is running on port 8000
[2026-01-07 23:25:42] [32minfo[39m: Database connected successfully
[2026-01-07 23:25:42] [32minfo[39m: Table questions created or already exists.
[2026-01-07 23:26:09] [32minfo[39m: Server is running on port 8000
[2026-01-07 23:26:09] [32minfo[39m: Database connected successfully
[2026-01-07 23:26:09] [32minfo[39m: Table questions created or already exists.
[2026-01-07 23:26:17] [32minfo[39m: Server is running on port 8000
[2026-01-07 23:26:17] [32minfo[39m: Database connected successfully
[2026-01-07 23:26:17] [32minfo[39m: Table questions created or already exists.
[2026-01-07 23:27:44] [32minfo[39m: Server is running on port 8000
[2026-01-07 23:27:44] [32minfo[39m: Database connected successfully
[2026-01-07 23:27:44] [32minfo[39m: Table questions created or already exists.
[2026-01-07 23:28:00] [32minfo[39m: Server is running on port 8000
[2026-01-07 23:28:00] [32minfo[39m: Database connected successfully
[2026-01-07 23:28:00] [32minfo[39m: Table questions created or already exists.
[2026-01-07 23:28:16] [32minfo[39m: Server is running on port 8000
[2026-01-07 23:28:16] [32minfo[39m: Database connected successfully
[2026-01-07 23:28:16] [32minfo[39m: Table questions created or already exists.
[2026-01-07 23:29:41] [32minfo[39m: Server is running on port 8000
[2026-01-07 23:29:41] [32minfo[39m: Database connected successfully
[2026-01-07 23:29:41] [32minfo[39m: Table questions created or already exists.
[2026-01-07 23:30:00] [32minfo[39m: Server is running on port 8000
[2026-01-07 23:30:00] [32minfo[39m: Database connected successfully
[2026-01-07 23:30:00] [32minfo[39m: Table questions created or already exists.
[2026-01-07 23:30:09] [32minfo[39m: Server is running on port 8000
[2026-01-07 23:30:09] [32minfo[39m: Database connected successfully
[2026-01-07 23:30:09] [32minfo[39m: Table questions created or already exists.
[2026-01-07 23:30:19] [32minfo[39m: Server is running on port 8000
[2026-01-07 23:30:19] [32minfo[39m: Database connected successfully
[2026-01-07 23:30:19] [32minfo[39m: Table questions created or already exists.
[2026-01-07 23:30:21] [32minfo[39m: Server is running on port 8000
[2026-01-07 23:30:21] [32minfo[39m: Database connected successfully
[2026-01-07 23:30:21] [32minfo[39m: Table questions created or already exists.
[2026-01-07 23:30:33] [32minfo[39m: Server is running on port 8000
[2026-01-07 23:30:33] [32minfo[39m: Database connected successfully
[2026-01-07 23:30:33] [32minfo[39m: Table questions created or already exists.
[2026-01-07 23:30:59] [32minfo[39m: Server is running on port 8000
[2026-01-07 23:30:59] [32minfo[39m: Database connected successfully
[2026-01-07 23:30:59] [32minfo[39m: Table questions created or already exists.
[2026-01-07 23:31:27] [32minfo[39m: Server is running on port 8000
[2026-01-07 23:31:27] [32minfo[39m: Database connected successfully
[2026-01-07 23:31:27] [32minfo[39m: Table questions created or already exists.
[2026-01-07 23:40:38] [32minfo[39m: Server is running on port 8000
[2026-01-07 23:40:38] [32minfo[39m: Database connected successfully
[2026-01-07 23:40:48] [32minfo[39m: Server is running on port 8000
[2026-01-07 23:40:48] [32minfo[39m: Database connected successfully
[2026-01-07 23:40:58] [32minfo[39m: Server is running on port 8000
[2026-01-07 23:40:59] [32minfo[39m: Database connected successfully
[2026-01-07 23:41:22] [32minfo[39m: Server is running on port 8000
[2026-01-07 23:41:22] [32minfo[39m: Database connected successfully
[2026-01-07 23:41:26] [32minfo[39m: Server is running on port 8000
[2026-01-07 23:41:26] [32minfo[39m: Database connected successfully
[2026-01-07 23:41:27] [32minfo[39m: Server is running on port 8000
[2026-01-07 23:41:27] [32minfo[39m: Database connected successfully
[2026-01-07 23:41:27] [32minfo[39m: Table questions created or already exists.
[2026-01-07 23:42:23] [32minfo[39m: Server is running on port 8000
[2026-01-07 23:42:23] [32minfo[39m: Database connected successfully
[2026-01-07 23:42:23] [32minfo[39m: Table questions created or already exists.
[2026-01-07 23:42:26] [32minfo[39m: Server is running on port 8000
[2026-01-07 23:42:26] [32minfo[39m: Database connected successfully
[2026-01-07 23:42:26] [32minfo[39m: Table questions created or already exists.
[2026-01-07 23:43:38] [32minfo[39m: Server is running on port 8000
[2026-01-07 23:43:38] [32minfo[39m: Database connected successfully
[2026-01-07 23:43:38] [32minfo[39m: Table questions created or already exists.
[2026-01-07 23:43:39] [32minfo[39m: Server is running on port 8000
[2026-01-07 23:43:40] [32minfo[39m: Database connected successfully
[2026-01-07 23:43:40] [32minfo[39m: Table questions created or already exists.
[2026-01-07 23:43:44] [32minfo[39m: Server is running on port 8000
[2026-01-07 23:43:44] [32minfo[39m: Database connected successfully
[2026-01-07 23:43:44] [32minfo[39m: Table questions created or already exists.
[2026-01-07 23:44:08] [32minfo[39m: Server is running on port 8000
[2026-01-07 23:44:08] [32minfo[39m: Database connected successfully
[2026-01-07 23:44:08] [32minfo[39m: Table questions created or already exists.
[2026-01-07 23:44:09] [32minfo[39m: Server is running on port 8000
[2026-01-07 23:44:09] [32minfo[39m: Database connected successfully
[2026-01-07 23:44:09] [32minfo[39m: Table questions created or already exists.
[2026-01-07 23:44:11] [32minfo[39m: Server is running on port 8000
[2026-01-07 23:44:11] [32minfo[39m: Database connected successfully
[2026-01-07 23:44:11] [32minfo[39m: Table questions created or already exists.
[2026-01-07 23:44:22] [32minfo[39m: Server is running on port 8000
[2026-01-07 23:44:22] [32minfo[39m: Database connected successfully
[2026-01-07 23:44:22] [32minfo[39m: Table questions created or already exists.
[2026-01-07 23:44:27] [32minfo[39m: Server is running on port 8000
[2026-01-07 23:44:27] [32minfo[39m: Database connected successfully
[2026-01-07 23:44:27] [32minfo[39m: Table questions created or already exists.
[2026-01-07 23:44:30] [32minfo[39m: Server is running on port 8000
[2026-01-07 23:44:30] [32minfo[39m: Database connected successfully
[2026-01-07 23:44:30] [32minfo[39m: Table questions created or already exists.
[2026-01-07 23:50:16] [32minfo[39m: Server is running on port 8000
[2026-01-07 23:50:16] [32minfo[39m: Database connected successfully
[2026-01-07 23:50:16] [32minfo[39m: Table questions created or already exists.
[2026-01-07 23:50:18] [32minfo[39m: Server is running on port 8000
[2026-01-07 23:50:18] [32minfo[39m: Database connected successfully
[2026-01-07 23:50:18] [32minfo[39m: Table questions created or already exists.
[2026-01-07 23:50:40] [32minfo[39m: Server is running on port 8000
[2026-01-07 23:50:40] [32minfo[39m: Database connected successfully
[2026-01-07 23:50:40] [32minfo[39m: Table questions created or already exists.
[2026-01-07 23:50:52] [32minfo[39m: Server is running on port 8000
[2026-01-07 23:50:52] [32minfo[39m: Database connected successfully
[2026-01-07 23:50:52] [32minfo[39m: Table questions created or already exists.
[2026-01-07 23:50:54] [32minfo[39m: Server is running on port 8000
[2026-01-07 23:50:54] [32minfo[39m: Database connected successfully
[2026-01-07 23:50:54] [32minfo[39m: Table questions created or already exists.
[2026-01-07 23:51:59] [32minfo[39m: Server is running on port 8000
[2026-01-07 23:51:59] [32minfo[39m: Database connected successfully
[2026-01-07 23:51:59] [32minfo[39m: Table questions created or already exists.
[2026-01-07 23:56:10] [32minfo[39m: Server is running on port 8000
[2026-01-07 23:56:10] [32minfo[39m: Database connected successfully
[2026-01-07 23:56:10] [32minfo[39m: Table questions created or already exists.
[2026-01-07 23:56:11] [32minfo[39m: Server is running on port 8000
[2026-01-07 23:56:11] [32minfo[39m: Database connected successfully
[2026-01-07 23:56:11] [32minfo[39m: Table questions created or already exists.
[2026-01-07 23:56:13] [32minfo[39m: Server is running on port 8000
[2026-01-07 23:56:13] [32minfo[39m: Database connected successfully
[2026-01-07 23:56:13] [32minfo[39m: Table questions created or already exists.
[2026-01-07 23:56:27] [32minfo[39m: Server is running on port 8000
[2026-01-07 23:56:27] [32minfo[39m: Database connected successfully
[2026-01-07 23:56:27] [32minfo[39m: Table questions created or already exists.
[2026-01-07 23:56:52] [32minfo[39m: Server is running on port 8000
[2026-01-07 23:56:52] [32minfo[39m: Database connected successfully
[2026-01-07 23:56:52] [32minfo[39m: Table questions created or already exists.
[2026-01-07 23:57:02] [32minfo[39m: Server is running on port 8000
[2026-01-07 23:57:02] [32minfo[39m: Database connected successfully
[2026-01-07 23:57:02] [32minfo[39m: Table questions created or already exists.
[2026-01-07 23:57:32] [32minfo[39m: Server is running on port 8000
[2026-01-07 23:57:32] [32minfo[39m: Database connected successfully
[2026-01-07 23:57:32] [32minfo[39m: Table questions created or already exists.
[2026-01-07 23:57:44] [32minfo[39m: Server is running on port 8000
[2026-01-07 23:57:44] [32minfo[39m: Database connected successfully
[2026-01-07 23:57:44] [32minfo[39m: Table questions created or already exists.
[2026-01-07 23:58:12] [32minfo[39m: Server is running on port 8000
[2026-01-07 23:58:12] [32minfo[39m: Database connected successfully
[2026-01-07 23:58:12] [32minfo[39m: Table questions created or already exists.
[2026-01-07 23:58:23] [32minfo[39m: Server is running on port 8000
[2026-01-07 23:58:23] [32minfo[39m: Database connected successfully
[2026-01-07 23:58:23] [32minfo[39m: Table questions created or already exists.
[2026-01-07 23:58:28] [32minfo[39m: Server is running on port 8000
[2026-01-07 23:58:29] [32minfo[39m: Database connected successfully
[2026-01-07 23:58:29] [32minfo[39m: Table questions created or already exists.
[2026-01-07 23:58:31] [32minfo[39m: Server is running on port 8000
[2026-01-07 23:58:31] [32minfo[39m: Database connected successfully
[2026-01-07 23:58:31] [32minfo[39m: Table questions created or already exists.
[2026-01-07 23:58:32] [32minfo[39m: Server is running on port 8000
[2026-01-07 23:58:32] [32minfo[39m: Database connected successfully
[2026-01-07 23:58:32] [32minfo[39m: Table questions created or already exists.
[2026-01-07 23:58:33] [32minfo[39m: Server is running on port 8000
[2026-01-07 23:58:33] [32minfo[39m: Database connected successfully
[2026-01-07 23:58:33] [32minfo[39m: Table questions created or already exists.
[2026-01-07 23:58:36] [32minfo[39m: Server is running on port 8000
[2026-01-07 23:58:36] [32minfo[39m: Database connected successfully
[2026-01-07 23:58:36] [32minfo[39m: Table questions created or already exists.
[2026-01-07 23:58:39] [32minfo[39m: Server is running on port 8000
[2026-01-07 23:58:39] [32minfo[39m: Database connected successfully
[2026-01-07 23:58:39] [32minfo[39m: Table questions created or already exists.
[2026-01-07 23:58:43] [32minfo[39m: Server is running on port 8000
[2026-01-07 23:58:43] [32minfo[39m: Database connected successfully
[2026-01-07 23:58:43] [32minfo[39m: Table questions created or already exists.
[2026-01-07 23:58:52] [32minfo[39m: Server is running on port 8000
[2026-01-07 23:58:52] [32minfo[39m: Database connected successfully
[2026-01-07 23:58:52] [32minfo[39m: Table questions created or already exists.
[2026-01-07 23:58:53] [32minfo[39m: Server is running on port 8000
[2026-01-07 23:58:53] [32minfo[39m: Database connected successfully
[2026-01-07 23:58:53] [32minfo[39m: Table questions created or already exists.
[2026-01-07 23:58:55] [32minfo[39m: Server is running on port 8000
[2026-01-07 23:58:55] [32minfo[39m: Database connected successfully
[2026-01-07 23:58:55] [32minfo[39m: Table questions created or already exists.
[2026-01-07 23:59:18] [32minfo[39m: Server is running on port 8000
[2026-01-07 23:59:18] [32minfo[39m: Database connected successfully
[2026-01-07 23:59:18] [32minfo[39m: Table questions created or already exists.
[2026-01-07 23:59:20] [32minfo[39m: Server is running on port 8000
[2026-01-07 23:59:20] [32minfo[39m: Database connected successfully
[2026-01-07 23:59:20] [32minfo[39m: Table questions created or already exists.
[2026-01-07 23:59:21] [32minfo[39m: Server is running on port 8000
[2026-01-07 23:59:21] [32minfo[39m: Database connected successfully
[2026-01-07 23:59:21] [32minfo[39m: Table questions created or already exists.
[2026-01-08 00:00:40] [32minfo[39m: Server is running on port 8000
[2026-01-08 00:00:40] [32minfo[39m: Database connected successfully
[2026-01-08 00:00:40] [32minfo[39m: Table questions created or already exists.
[2026-01-08 00:01:14] [32minfo[39m: Server is running on port 8000
[2026-01-08 00:01:14] [32minfo[39m: Database connected successfully
[2026-01-08 00:01:14] [32minfo[39m: Table questions created or already exists.
[2026-01-08 00:01:15] [32minfo[39m: Server is running on port 8000
[2026-01-08 00:01:16] [32minfo[39m: Database connected successfully
[2026-01-08 00:01:16] [32minfo[39m: Table questions created or already exists.
[2026-01-08 00:01:24] [32minfo[39m: Server is running on port 8000
[2026-01-08 00:01:24] [32minfo[39m: Database connected successfully
[2026-01-08 00:01:24] [32minfo[39m: Table questions created or already exists.
[2026-01-08 00:01:29] [32minfo[39m: Server is running on port 8000
[2026-01-08 00:01:29] [32minfo[39m: Database connected successfully
[2026-01-08 00:01:29] [32minfo[39m: Table questions created or already exists.
[2026-01-08 00:01:32] [32minfo[39m: Server is running on port 8000
[2026-01-08 00:01:32] [32minfo[39m: Database connected successfully
[2026-01-08 00:01:32] [32minfo[39m: Table questions created or already exists.
[2026-01-08 00:02:10] [32minfo[39m: Server is running on port 8000
[2026-01-08 00:02:10] [32minfo[39m: Database connected successfully
[2026-01-08 00:02:10] [32minfo[39m: Table questions created or already exists.
[2026-01-08 00:02:27] [32minfo[39m: Server is running on port 8000
[2026-01-08 00:02:27] [32minfo[39m: Database connected successfully
[2026-01-08 00:02:27] [32minfo[39m: Table questions created or already exists.
[2026-01-08 00:04:13] [32minfo[39m: Server is running on port 8000
[2026-01-08 00:04:13] [32minfo[39m: Database connected successfully
[2026-01-08 00:04:13] [32minfo[39m: Table questions created or already exists.
[2026-01-08 00:04:21] [32minfo[39m: Server is running on port 8000
[2026-01-08 00:04:21] [32minfo[39m: Database connected successfully
[2026-01-08 00:04:21] [32minfo[39m: Table questions created or already exists.
[2026-01-08 00:04:24] [32minfo[39m: Server is running on port 8000
[2026-01-08 00:04:24] [32minfo[39m: Database connected successfully
[2026-01-08 00:04:24] [32minfo[39m: Table questions created or already exists.
[2026-01-08 00:04:26] [32minfo[39m: Server is running on port 8000
[2026-01-08 00:04:26] [32minfo[39m: Database connected successfully
[2026-01-08 00:04:26] [32minfo[39m: Table questions created or already exists.
[2026-01-08 00:04:38] [32minfo[39m: Server is running on port 8000
[2026-01-08 00:04:38] [32minfo[39m: Database connected successfully
[2026-01-08 00:04:38] [32minfo[39m: Table questions created or already exists.
[2026-01-11 00:54:16] [32minfo[39m: Server is running on port 8000
[2026-01-11 00:54:16] [31merror[39m: Database connection failed: 
[2026-01-11 14:24:07] [32minfo[39m: Server is running on port 8000
[2026-01-11 14:24:07] [32minfo[39m: Database connected successfully
[2026-01-11 14:24:07] [32minfo[39m: Table questions created or already exists.
[2026-01-11 14:33:56] [32minfo[39m: Server is running on port 8000
[2026-01-11 14:33:56] [32minfo[39m: Database connected successfully
[2026-01-11 14:33:56] [32minfo[39m: Table questions created or already exists.
[2026-01-11 14:33:59] [32minfo[39m: Server is running on port 8000
[2026-01-11 14:33:59] [32minfo[39m: Database connected successfully
[2026-01-11 14:33:59] [32minfo[39m: Table questions created or already exists.
[2026-01-11 14:34:11] [32minfo[39m: Server is running on port 8000
[2026-01-11 14:34:11] [32minfo[39m: Database connected successfully
[2026-01-11 14:34:16] [32minfo[39m: Server is running on port 8000
[2026-01-11 14:34:16] [32minfo[39m: Database connected successfully
[2026-01-11 14:34:16] [32minfo[39m: Connecting to MongoDB...
[2026-01-11 14:34:17] [32minfo[39m: Successfully connected to MongoDB
[2026-01-11 14:34:17] [32minfo[39m: MongoDB connected successfully
[2026-01-11 14:34:17] [32minfo[39m: Table questions created or already exists.
[2026-01-17 00:37:52] [32minfo[39m: Server is running on port 8000
[2026-01-17 00:37:52] [32minfo[39m: Database connected successfully
[2026-01-17 00:37:52] [32minfo[39m: Connecting to MongoDB...
[2026-01-17 00:38:22] [31merror[39m: error with mongodb connection MongooseServerSelectionError: connect ECONNREFUSED ::1:27017, connect ECONNREFUSED 127.0.0.1:27017
[2026-01-17 00:38:22] [32minfo[39m: Table questions created or already exists.
[2026-01-17 00:39:20] [32minfo[39m: Server is running on port 8000
[2026-01-17 00:39:20] [32minfo[39m: Database connected successfully
[2026-01-17 00:39:20] [32minfo[39m: Connecting to MongoDB...
[2026-01-17 00:39:20] [32minfo[39m: Successfully connected to MongoDB
[2026-01-17 00:39:20] [32minfo[39m: MongoDB connected successfully
[2026-01-17 00:39:20] [32minfo[39m: Table questions created or already exists.
[2026-01-17 00:40:34] [32minfo[39m: Server is running on port 8000
[2026-01-17 00:40:34] [32minfo[39m: Database connected successfully
[2026-01-17 00:40:34] [32minfo[39m: Connecting to MongoDB...
[2026-01-17 00:40:34] [32minfo[39m: Successfully connected to MongoDB
[2026-01-17 00:40:34] [32minfo[39m: MongoDB connected successfully
[2026-01-17 00:40:34] [32minfo[39m: Table questions created or already exists.
[2026-01-17 00:40:39] [32minfo[39m: Server is running on port 8000
[2026-01-17 00:40:39] [32minfo[39m: Database connected successfully
[2026-01-17 00:40:39] [32minfo[39m: Connecting to MongoDB...
[2026-01-17 00:40:39] [32minfo[39m: Successfully connected to MongoDB
[2026-01-17 00:40:39] [32minfo[39m: MongoDB connected successfully
[2026-01-17 00:40:39] [32minfo[39m: Table questions created or already exists.
[2026-01-17 00:46:18] [32minfo[39m: Server is running on port 8000
[2026-01-17 00:46:18] [32minfo[39m: Database connected successfully
[2026-01-17 00:46:18] [32minfo[39m: Connecting to MongoDB...
[2026-01-17 00:46:18] [32minfo[39m: Successfully connected to MongoDB
[2026-01-17 00:46:18] [32minfo[39m: MongoDB connected successfully
[2026-01-17 00:46:18] [32minfo[39m: Table questions created or already exists.
[2026-01-17 00:49:58] [32minfo[39m: Server is running on port 8000
[2026-01-17 00:49:58] [32minfo[39m: Database connected successfully
[2026-01-17 00:49:58] [32minfo[39m: Connecting to MongoDB...
[2026-01-17 00:49:58] [32minfo[39m: Successfully connected to MongoDB
[2026-01-17 00:49:58] [32minfo[39m: MongoDB connected successfully
[2026-01-17 00:49:58] [32minfo[39m: Table questions created or already exists.
[2026-01-17 00:53:35] [32minfo[39m: Server is running on port 8000
[2026-01-17 00:53:35] [32minfo[39m: Database connected successfully
[2026-01-17 00:53:35] [32minfo[39m: Connecting to MongoDB...
[2026-01-17 00:53:35] [32minfo[39m: Successfully connected to MongoDB
[2026-01-17 00:53:35] [32minfo[39m: MongoDB connected successfully
[2026-01-17 00:53:35] [32minfo[39m: Table questions created or already exists.
[2026-01-17 00:54:56] [32minfo[39m: Server is running on port 8000
[2026-01-17 00:54:56] [32minfo[39m: Database connected successfully
[2026-01-17 00:54:56] [32minfo[39m: Connecting to MongoDB...
[2026-01-17 00:54:56] [32minfo[39m: Successfully connected to MongoDB
[2026-01-17 00:54:56] [32minfo[39m: MongoDB connected successfully
[2026-01-17 00:54:56] [32minfo[39m: Table questions created or already exists.
[2026-01-17 00:54:57] [32minfo[39m: Server is running on port 8000
[2026-01-17 00:54:57] [32minfo[39m: Database connected successfully
[2026-01-17 00:54:57] [32minfo[39m: Connecting to MongoDB...
[2026-01-17 00:54:57] [32minfo[39m: Successfully connected to MongoDB
[2026-01-17 00:54:57] [32minfo[39m: MongoDB connected successfully
[2026-01-17 00:54:57] [32minfo[39m: Table questions created or already exists.
[2026-01-17 00:55:03] [32minfo[39m: Server is running on port 8000
[2026-01-17 00:55:03] [32minfo[39m: Database connected successfully
[2026-01-17 00:55:03] [32minfo[39m: Connecting to MongoDB...
[2026-01-17 00:55:03] [32minfo[39m: Successfully connected to MongoDB
[2026-01-17 00:55:03] [32minfo[39m: MongoDB connected successfully
[2026-01-17 00:55:03] [32minfo[39m: Table questions created or already exists.
[2026-01-17 00:55:45] [32minfo[39m: Server is running on port 8000
[2026-01-17 00:55:45] [32minfo[39m: Database connected successfully
[2026-01-17 00:55:45] [32minfo[39m: Connecting to MongoDB...
[2026-01-17 00:55:45] [32minfo[39m: Successfully connected to MongoDB
[2026-01-17 00:55:45] [32minfo[39m: MongoDB connected successfully
[2026-01-17 00:55:45] [32minfo[39m: Table questions created or already exists.
[2026-01-17 00:55:47] [32minfo[39m: Server is running on port 8000
[2026-01-17 00:55:47] [32minfo[39m: Database connected successfully
[2026-01-17 00:55:47] [32minfo[39m: Connecting to MongoDB...
[2026-01-17 00:55:47] [32minfo[39m: Successfully connected to MongoDB
[2026-01-17 00:55:47] [32minfo[39m: MongoDB connected successfully
[2026-01-17 00:55:47] [32minfo[39m: Table questions created or already exists.
[2026-01-17 00:59:44] [32minfo[39m: Server is running on port 8000
[2026-01-17 00:59:44] [32minfo[39m: Database connected successfully
[2026-01-17 00:59:44] [32minfo[39m: Connecting to MongoDB...
[2026-01-17 00:59:44] [32minfo[39m: Successfully connected to MongoDB
[2026-01-17 00:59:44] [32minfo[39m: MongoDB connected successfully
[2026-01-17 00:59:44] [32minfo[39m: Table questions created or already exists.
[2026-01-17 00:59:55] [32minfo[39m: Server is running on port 8000
[2026-01-17 00:59:55] [32minfo[39m: Database connected successfully
[2026-01-17 00:59:55] [32minfo[39m: Connecting to MongoDB...
[2026-01-17 00:59:56] [32minfo[39m: Successfully connected to MongoDB
[2026-01-17 00:59:56] [32minfo[39m: MongoDB connected successfully
[2026-01-17 00:59:56] [32minfo[39m: Table questions created or already exists.
[2026-01-17 01:00:04] [32minfo[39m: Server is running on port 8000
[2026-01-17 01:00:04] [32minfo[39m: Database connected successfully
[2026-01-17 01:00:04] [32minfo[39m: Connecting to MongoDB...
[2026-01-17 01:00:04] [32minfo[39m: Successfully connected to MongoDB
[2026-01-17 01:00:04] [32minfo[39m: MongoDB connected successfully
[2026-01-17 01:00:04] [32minfo[39m: Table questions created or already exists.
[2026-01-17 01:00:08] [32minfo[39m: Server is running on port 8000
[2026-01-17 01:00:08] [32minfo[39m: Database connected successfully
[2026-01-17 01:00:08] [32minfo[39m: Connecting to MongoDB...
[2026-01-17 01:00:08] [32minfo[39m: Successfully connected to MongoDB
[2026-01-17 01:00:08] [32minfo[39m: MongoDB connected successfully
[2026-01-17 01:00:08] [32minfo[39m: Table questions created or already exists.
[2026-01-17 01:00:16] [32minfo[39m: Server is running on port 8000
[2026-01-17 01:00:16] [32minfo[39m: Database connected successfully
[2026-01-17 01:00:16] [32minfo[39m: Connecting to MongoDB...
[2026-01-17 01:00:16] [32minfo[39m: Successfully connected to MongoDB
[2026-01-17 01:00:16] [32minfo[39m: MongoDB connected successfully
[2026-01-17 01:00:16] [32minfo[39m: Table questions created or already exists.
[2026-01-17 01:00:18] [32minfo[39m: Server is running on port 8000
[2026-01-17 01:00:18] [32minfo[39m: Database connected successfully
[2026-01-17 01:00:18] [32minfo[39m: Connecting to MongoDB...
[2026-01-17 01:00:18] [32minfo[39m: Successfully connected to MongoDB
[2026-01-17 01:00:18] [32minfo[39m: MongoDB connected successfully
[2026-01-17 01:00:18] [32minfo[39m: Table questions created or already exists.
[2026-01-17 01:00:43] [32minfo[39m: Server is running on port 8000
[2026-01-17 01:00:43] [32minfo[39m: Database connected successfully
[2026-01-17 01:00:43] [32minfo[39m: Connecting to MongoDB...
[2026-01-17 01:00:43] [32minfo[39m: Successfully connected to MongoDB
[2026-01-17 01:00:43] [32minfo[39m: MongoDB connected successfully
[2026-01-17 01:00:43] [32minfo[39m: Table questions created or already exists.
[2026-01-17 01:00:44] [32minfo[39m: Server is running on port 8000
[2026-01-17 01:00:44] [32minfo[39m: Database connected successfully
[2026-01-17 01:00:44] [32minfo[39m: Connecting to MongoDB...
[2026-01-17 01:00:44] [32minfo[39m: Successfully connected to MongoDB
[2026-01-17 01:00:44] [32minfo[39m: MongoDB connected successfully
[2026-01-17 01:00:44] [32minfo[39m: Table questions created or already exists.
[2026-01-17 01:00:52] [32minfo[39m: Server is running on port 8000
[2026-01-17 01:00:52] [32minfo[39m: Database connected successfully
[2026-01-17 01:00:52] [32minfo[39m: Connecting to MongoDB...
[2026-01-17 01:00:52] [32minfo[39m: Successfully connected to MongoDB
[2026-01-17 01:00:52] [32minfo[39m: MongoDB connected successfully
[2026-01-17 01:00:52] [32minfo[39m: Table questions created or already exists.
[2026-01-17 01:00:55] [32minfo[39m: Server is running on port 8000
[2026-01-17 01:00:55] [32minfo[39m: Database connected successfully
[2026-01-17 01:00:55] [32minfo[39m: Connecting to MongoDB...
[2026-01-17 01:00:55] [32minfo[39m: Successfully connected to MongoDB
[2026-01-17 01:00:55] [32minfo[39m: MongoDB connected successfully
[2026-01-17 01:00:55] [32minfo[39m: Table questions created or already exists.
[2026-01-17 01:00:57] [32minfo[39m: Server is running on port 8000
[2026-01-17 01:00:57] [32minfo[39m: Database connected successfully
[2026-01-17 01:00:57] [32minfo[39m: Connecting to MongoDB...
[2026-01-17 01:00:57] [32minfo[39m: Successfully connected to MongoDB
[2026-01-17 01:00:57] [32minfo[39m: MongoDB connected successfully
[2026-01-17 01:00:57] [32minfo[39m: Table questions created or already exists.
[2026-01-17 01:01:17] [32minfo[39m: Server is running on port 8000
[2026-01-17 01:01:17] [32minfo[39m: Database connected successfully
[2026-01-17 01:01:17] [32minfo[39m: Connecting to MongoDB...
[2026-01-17 01:01:17] [32minfo[39m: Successfully connected to MongoDB
[2026-01-17 01:01:17] [32minfo[39m: MongoDB connected successfully
[2026-01-17 01:01:17] [32minfo[39m: Table questions created or already exists.
[2026-01-17 01:01:20] [32minfo[39m: Server is running on port 8000
[2026-01-17 01:01:20] [32minfo[39m: Database connected successfully
[2026-01-17 01:01:20] [32minfo[39m: Connecting to MongoDB...
[2026-01-17 01:01:20] [32minfo[39m: Successfully connected to MongoDB
[2026-01-17 01:01:20] [32minfo[39m: MongoDB connected successfully
[2026-01-17 01:01:20] [32minfo[39m: Table questions created or already exists.
[2026-01-17 01:01:22] [32minfo[39m: Server is running on port 8000
[2026-01-17 01:01:22] [32minfo[39m: Database connected successfully
[2026-01-17 01:01:22] [32minfo[39m: Connecting to MongoDB...
[2026-01-17 01:01:22] [32minfo[39m: Successfully connected to MongoDB
[2026-01-17 01:01:22] [32minfo[39m: MongoDB connected successfully
[2026-01-17 01:01:22] [32minfo[39m: Table questions created or already exists.
[2026-01-17 01:02:15] [32minfo[39m: Server is running on port 8000
[2026-01-17 01:02:15] [32minfo[39m: Database connected successfully
[2026-01-17 01:02:15] [32minfo[39m: Connecting to MongoDB...
[2026-01-17 01:02:15] [32minfo[39m: Successfully connected to MongoDB
[2026-01-17 01:02:15] [32minfo[39m: MongoDB connected successfully
[2026-01-17 01:02:15] [32minfo[39m: Table questions created or already exists.
[2026-01-17 01:02:39] [32minfo[39m: Server is running on port 8000
[2026-01-17 01:02:39] [32minfo[39m: Database connected successfully
[2026-01-17 01:02:39] [32minfo[39m: Connecting to MongoDB...
[2026-01-17 01:02:39] [32minfo[39m: Successfully connected to MongoDB
[2026-01-17 01:02:39] [32minfo[39m: MongoDB connected successfully
[2026-01-17 01:02:39] [32minfo[39m: Table questions created or already exists.
[2026-01-17 01:02:44] [32minfo[39m: Server is running on port 8000
[2026-01-17 01:02:44] [32minfo[39m: Database connected successfully
[2026-01-17 01:02:44] [32minfo[39m: Connecting to MongoDB...
[2026-01-17 01:02:44] [32minfo[39m: Successfully connected to MongoDB
[2026-01-17 01:02:44] [32minfo[39m: MongoDB connected successfully
[2026-01-17 01:02:44] [32minfo[39m: Table questions created or already exists.
[2026-01-17 01:05:19] [32minfo[39m: Server is running on port 8000
[2026-01-17 01:05:19] [32minfo[39m: Database connected successfully
[2026-01-17 01:05:19] [32minfo[39m: Connecting to MongoDB...
[2026-01-17 01:05:19] [32minfo[39m: Successfully connected to MongoDB
[2026-01-17 01:05:19] [32minfo[39m: MongoDB connected successfully
[2026-01-17 01:05:19] [32minfo[39m: Table questions created or already exists.
[2026-01-17 01:05:31] [32minfo[39m: Server is running on port 8000
[2026-01-17 01:05:31] [32minfo[39m: Database connected successfully
[2026-01-17 01:05:31] [32minfo[39m: Connecting to MongoDB...
[2026-01-17 01:05:31] [32minfo[39m: Successfully connected to MongoDB
[2026-01-17 01:05:31] [32minfo[39m: MongoDB connected successfully
[2026-01-17 01:05:31] [32minfo[39m: Table questions created or already exists.
[2026-01-17 01:05:33] [32minfo[39m: Server is running on port 8000
[2026-01-17 01:05:34] [32minfo[39m: Database connected successfully
[2026-01-17 01:05:34] [32minfo[39m: Connecting to MongoDB...
[2026-01-17 01:05:34] [32minfo[39m: Successfully connected to MongoDB
[2026-01-17 01:05:34] [32minfo[39m: MongoDB connected successfully
[2026-01-17 01:05:34] [32minfo[39m: Table questions created or already exists.
[2026-01-17 01:05:50] [32minfo[39m: Server is running on port 8000
[2026-01-17 01:05:50] [32minfo[39m: Database connected successfully
[2026-01-17 01:05:50] [32minfo[39m: Connecting to MongoDB...
[2026-01-17 01:05:50] [32minfo[39m: Successfully connected to MongoDB
[2026-01-17 01:05:50] [32minfo[39m: MongoDB connected successfully
[2026-01-17 01:05:50] [32minfo[39m: Table questions created or already exists.
[2026-01-17 01:06:39] [32minfo[39m: Server is running on port 8000
[2026-01-17 01:06:39] [32minfo[39m: Database connected successfully
[2026-01-17 01:06:39] [32minfo[39m: Connecting to MongoDB...
[2026-01-17 01:06:39] [32minfo[39m: Successfully connected to MongoDB
[2026-01-17 01:06:39] [32minfo[39m: MongoDB connected successfully
[2026-01-17 01:06:39] [32minfo[39m: Table questions created or already exists.
[2026-01-17 01:06:43] [32minfo[39m: Server is running on port 8000
[2026-01-17 01:06:43] [32minfo[39m: Database connected successfully
[2026-01-17 01:06:43] [32minfo[39m: Connecting to MongoDB...
[2026-01-17 01:06:43] [32minfo[39m: Successfully connected to MongoDB
[2026-01-17 01:06:43] [32minfo[39m: MongoDB connected successfully
[2026-01-17 01:06:43] [32minfo[39m: Table questions created or already exists.
[2026-01-17 01:06:57] [32minfo[39m: Server is running on port 8000
[2026-01-17 01:06:57] [32minfo[39m: Database connected successfully
[2026-01-17 01:06:57] [32minfo[39m: Connecting to MongoDB...
[2026-01-17 01:06:57] [32minfo[39m: Successfully connected to MongoDB
[2026-01-17 01:06:57] [32minfo[39m: MongoDB connected successfully
[2026-01-17 01:06:57] [32minfo[39m: Table questions created or already exists.
[2026-01-17 01:07:03] [32minfo[39m: Server is running on port 8000
[2026-01-17 01:07:03] [32minfo[39m: Database connected successfully
[2026-01-17 01:07:03] [32minfo[39m: Connecting to MongoDB...
[2026-01-17 01:07:04] [32minfo[39m: Successfully connected to MongoDB
[2026-01-17 01:07:04] [32minfo[39m: MongoDB connected successfully
[2026-01-17 01:07:04] [32minfo[39m: Table questions created or already exists.
[2026-01-17 01:07:05] [32minfo[39m: Server is running on port 8000
[2026-01-17 01:07:05] [32minfo[39m: Database connected successfully
[2026-01-17 01:07:05] [32minfo[39m: Connecting to MongoDB...
[2026-01-17 01:07:05] [32minfo[39m: Successfully connected to MongoDB
[2026-01-17 01:07:05] [32minfo[39m: MongoDB connected successfully
[2026-01-17 01:07:05] [32minfo[39m: Table questions created or already exists.
[2026-01-17 01:07:09] [32minfo[39m: Server is running on port 8000
[2026-01-17 01:07:09] [32minfo[39m: Database connected successfully
[2026-01-17 01:07:09] [32minfo[39m: Connecting to MongoDB...
[2026-01-17 01:07:09] [32minfo[39m: Successfully connected to MongoDB
[2026-01-17 01:07:09] [32minfo[39m: MongoDB connected successfully
[2026-01-17 01:07:09] [32minfo[39m: Table questions created or already exists.
[2026-01-17 01:07:13] [32minfo[39m: Server is running on port 8000
[2026-01-17 01:07:13] [32minfo[39m: Database connected successfully
[2026-01-17 01:07:13] [32minfo[39m: Connecting to MongoDB...
[2026-01-17 01:07:13] [32minfo[39m: Successfully connected to MongoDB
[2026-01-17 01:07:13] [32minfo[39m: MongoDB connected successfully
[2026-01-17 01:07:13] [32minfo[39m: Table questions created or already exists.
[2026-01-17 01:07:34] [32minfo[39m: Server is running on port 8000
[2026-01-17 01:07:34] [32minfo[39m: Database connected successfully
[2026-01-17 01:07:34] [32minfo[39m: Connecting to MongoDB...
[2026-01-17 01:07:34] [32minfo[39m: Successfully connected to MongoDB
[2026-01-17 01:07:34] [32minfo[39m: MongoDB connected successfully
[2026-01-17 01:07:34] [32minfo[39m: Table questions created or already exists.
[2026-01-17 01:07:37] [32minfo[39m: Server is running on port 8000
[2026-01-17 01:07:37] [32minfo[39m: Database connected successfully
[2026-01-17 01:07:37] [32minfo[39m: Connecting to MongoDB...
[2026-01-17 01:07:37] [32minfo[39m: Successfully connected to MongoDB
[2026-01-17 01:07:37] [32minfo[39m: MongoDB connected successfully
[2026-01-17 01:07:37] [32minfo[39m: Table questions created or already exists.
[2026-01-17 01:07:41] [32minfo[39m: Server is running on port 8000
[2026-01-17 01:07:41] [32minfo[39m: Database connected successfully
[2026-01-17 01:07:41] [32minfo[39m: Connecting to MongoDB...
[2026-01-17 01:07:41] [32minfo[39m: Successfully connected to MongoDB
[2026-01-17 01:07:41] [32minfo[39m: MongoDB connected successfully
[2026-01-17 01:07:41] [32minfo[39m: Table questions created or already exists.
[2026-01-17 01:07:45] [32minfo[39m: Server is running on port 8000
[2026-01-17 01:07:45] [32minfo[39m: Database connected successfully
[2026-01-17 01:07:45] [32minfo[39m: Connecting to MongoDB...
[2026-01-17 01:07:45] [32minfo[39m: Successfully connected to MongoDB
[2026-01-17 01:07:45] [32minfo[39m: MongoDB connected successfully
[2026-01-17 01:07:45] [32minfo[39m: Table questions created or already exists.
[2026-01-17 01:07:46] [32minfo[39m: Server is running on port 8000
[2026-01-17 01:07:46] [32minfo[39m: Database connected successfully
[2026-01-17 01:07:46] [32minfo[39m: Connecting to MongoDB...
[2026-01-17 01:07:47] [32minfo[39m: Successfully connected to MongoDB
[2026-01-17 01:07:47] [32minfo[39m: MongoDB connected successfully
[2026-01-17 01:07:47] [32minfo[39m: Table questions created or already exists.
[2026-01-17 01:07:51] [32minfo[39m: Server is running on port 8000
[2026-01-17 01:07:51] [32minfo[39m: Database connected successfully
[2026-01-17 01:07:51] [32minfo[39m: Connecting to MongoDB...
[2026-01-17 01:07:51] [32minfo[39m: Successfully connected to MongoDB
[2026-01-17 01:07:51] [32minfo[39m: MongoDB connected successfully
[2026-01-17 01:07:51] [32minfo[39m: Table questions created or already exists.
[2026-01-17 01:07:53] [32minfo[39m: Server is running on port 8000
[2026-01-17 01:07:54] [32minfo[39m: Database connected successfully
[2026-01-17 01:07:54] [32minfo[39m: Connecting to MongoDB...
[2026-01-17 01:07:54] [32minfo[39m: Successfully connected to MongoDB
[2026-01-17 01:07:54] [32minfo[39m: MongoDB connected successfully
[2026-01-17 01:07:54] [32minfo[39m: Table questions created or already exists.
[2026-01-17 01:07:57] [32minfo[39m: Server is running on port 8000
[2026-01-17 01:07:57] [32minfo[39m: Database connected successfully
[2026-01-17 01:07:57] [32minfo[39m: Connecting to MongoDB...
[2026-01-17 01:07:57] [32minfo[39m: Successfully connected to MongoDB
[2026-01-17 01:07:57] [32minfo[39m: MongoDB connected successfully
[2026-01-17 01:07:57] [32minfo[39m: Table questions created or already exists.
[2026-01-17 01:08:00] [32minfo[39m: Server is running on port 8000
[2026-01-17 01:08:00] [32minfo[39m: Database connected successfully
[2026-01-17 01:08:00] [32minfo[39m: Connecting to MongoDB...
[2026-01-17 01:08:00] [32minfo[39m: Successfully connected to MongoDB
[2026-01-17 01:08:00] [32minfo[39m: MongoDB connected successfully
[2026-01-17 01:08:00] [32minfo[39m: Table questions created or already exists.
[2026-01-17 01:08:05] [32minfo[39m: Server is running on port 8000
[2026-01-17 01:08:05] [32minfo[39m: Database connected successfully
[2026-01-17 01:08:05] [32minfo[39m: Connecting to MongoDB...
[2026-01-17 01:08:05] [32minfo[39m: Successfully connected to MongoDB
[2026-01-17 01:08:05] [32minfo[39m: MongoDB connected successfully
[2026-01-17 01:08:05] [32minfo[39m: Table questions created or already exists.
[2026-01-17 01:11:05] [32minfo[39m: Server is running on port 8000
[2026-01-17 01:11:05] [32minfo[39m: Database connected successfully
[2026-01-17 01:11:05] [32minfo[39m: Connecting to MongoDB...
[2026-01-17 01:11:06] [32minfo[39m: Successfully connected to MongoDB
[2026-01-17 01:11:06] [32minfo[39m: MongoDB connected successfully
[2026-01-17 01:11:06] [32minfo[39m: Table questions created or already exists.
[2026-01-17 01:11:14] [32minfo[39m: Server is running on port 8000
[2026-01-17 01:11:14] [32minfo[39m: Database connected successfully
[2026-01-17 01:11:14] [32minfo[39m: Connecting to MongoDB...
[2026-01-17 01:11:14] [32minfo[39m: Successfully connected to MongoDB
[2026-01-17 01:11:14] [32minfo[39m: MongoDB connected successfully
[2026-01-17 01:11:14] [32minfo[39m: Table questions created or already exists.
[2026-01-17 01:12:14] [32minfo[39m: Server is running on port 8000
[2026-01-17 01:12:14] [32minfo[39m: Database connected successfully
[2026-01-17 01:12:14] [32minfo[39m: Connecting to MongoDB...
[2026-01-17 01:12:14] [32minfo[39m: Successfully connected to MongoDB
[2026-01-17 01:12:14] [32minfo[39m: MongoDB connected successfully
[2026-01-17 01:12:14] [32minfo[39m: Table questions created or already exists.
[2026-01-17 01:12:31] [32minfo[39m: Server is running on port 8000
[2026-01-17 01:12:31] [32minfo[39m: Database connected successfully
[2026-01-17 01:12:31] [32minfo[39m: Connecting to MongoDB...
[2026-01-17 01:12:31] [32minfo[39m: Successfully connected to MongoDB
[2026-01-17 01:12:31] [32minfo[39m: MongoDB connected successfully
[2026-01-17 01:12:31] [32minfo[39m: Table questions created or already exists.
[2026-01-17 01:12:40] [32minfo[39m: Server is running on port 8000
[2026-01-17 01:12:40] [32minfo[39m: Database connected successfully
[2026-01-17 01:12:40] [32minfo[39m: Connecting to MongoDB...
[2026-01-17 01:12:40] [32minfo[39m: Successfully connected to MongoDB
[2026-01-17 01:12:40] [32minfo[39m: MongoDB connected successfully
[2026-01-17 01:12:40] [32minfo[39m: Table questions created or already exists.
[2026-01-17 01:13:00] [32minfo[39m: Server is running on port 8000
[2026-01-17 01:13:00] [32minfo[39m: Database connected successfully
[2026-01-17 01:13:00] [32minfo[39m: Connecting to MongoDB...
[2026-01-17 01:13:00] [32minfo[39m: Successfully connected to MongoDB
[2026-01-17 01:13:00] [32minfo[39m: MongoDB connected successfully
[2026-01-17 01:13:00] [32minfo[39m: Table questions created or already exists.
[2026-01-17 01:13:11] [32minfo[39m: Server is running on port 8000
[2026-01-17 01:13:11] [32minfo[39m: Database connected successfully
[2026-01-17 01:13:11] [32minfo[39m: Connecting to MongoDB...
[2026-01-17 01:13:11] [32minfo[39m: Successfully connected to MongoDB
[2026-01-17 01:13:11] [32minfo[39m: MongoDB connected successfully
[2026-01-17 01:13:11] [32minfo[39m: Table questions created or already exists.
[2026-01-17 01:13:15] [32minfo[39m: Server is running on port 8000
[2026-01-17 01:13:16] [32minfo[39m: Database connected successfully
[2026-01-17 01:13:16] [32minfo[39m: Connecting to MongoDB...
[2026-01-17 01:13:16] [32minfo[39m: Successfully connected to MongoDB
[2026-01-17 01:13:16] [32minfo[39m: MongoDB connected successfully
[2026-01-17 01:13:16] [32minfo[39m: Table questions created or already exists.
[2026-01-17 01:13:37] [32minfo[39m: Server is running on port 8000
[2026-01-17 01:13:37] [32minfo[39m: Database connected successfully
[2026-01-17 01:13:37] [32minfo[39m: Connecting to MongoDB...
[2026-01-17 01:13:38] [32minfo[39m: Successfully connected to MongoDB
[2026-01-17 01:13:38] [32minfo[39m: MongoDB connected successfully
[2026-01-17 01:13:38] [32minfo[39m: Table questions created or already exists.
[2026-01-17 01:13:50] [32minfo[39m: Server is running on port 8000
[2026-01-17 01:13:50] [32minfo[39m: Database connected successfully
[2026-01-17 01:13:50] [32minfo[39m: Connecting to MongoDB...
[2026-01-17 01:13:51] [32minfo[39m: Successfully connected to MongoDB
[2026-01-17 01:13:51] [32minfo[39m: MongoDB connected successfully
[2026-01-17 01:13:51] [32minfo[39m: Table questions created or already exists.
[2026-01-17 01:14:03] [32minfo[39m: Server is running on port 8000
[2026-01-17 01:14:03] [32minfo[39m: Database connected successfully
[2026-01-17 01:14:03] [32minfo[39m: Connecting to MongoDB...
[2026-01-17 01:14:03] [32minfo[39m: Successfully connected to MongoDB
[2026-01-17 01:14:03] [32minfo[39m: MongoDB connected successfully
[2026-01-17 01:14:03] [32minfo[39m: Table questions created or already exists.
[2026-01-17 01:15:10] [32minfo[39m: Server is running on port 8000
[2026-01-17 01:15:10] [32minfo[39m: Database connected successfully
[2026-01-17 01:15:10] [32minfo[39m: Connecting to MongoDB...
[2026-01-17 01:15:10] [32minfo[39m: Successfully connected to MongoDB
[2026-01-17 01:15:10] [32minfo[39m: MongoDB connected successfully
[2026-01-17 01:15:10] [32minfo[39m: Table questions created or already exists.
[2026-01-17 01:15:17] [32minfo[39m: Server is running on port 8000
[2026-01-17 01:15:17] [32minfo[39m: Database connected successfully
[2026-01-17 01:15:17] [32minfo[39m: Connecting to MongoDB...
[2026-01-17 01:15:18] [32minfo[39m: Successfully connected to MongoDB
[2026-01-17 01:15:18] [32minfo[39m: MongoDB connected successfully
[2026-01-17 01:15:18] [32minfo[39m: Table questions created or already exists.
[2026-01-17 01:15:22] [32minfo[39m: Server is running on port 8000
[2026-01-17 01:15:22] [32minfo[39m: Database connected successfully
[2026-01-17 01:15:22] [32minfo[39m: Connecting to MongoDB...
[2026-01-17 01:15:22] [32minfo[39m: Successfully connected to MongoDB
[2026-01-17 01:15:22] [32minfo[39m: MongoDB connected successfully
[2026-01-17 01:15:22] [32minfo[39m: Table questions created or already exists.
[2026-01-17 01:19:18] [32minfo[39m: Server is running on port 8000
[2026-01-17 01:19:18] [32minfo[39m: Database connected successfully
[2026-01-17 01:19:18] [32minfo[39m: Connecting to MongoDB...
[2026-01-17 01:19:18] [32minfo[39m: Successfully connected to MongoDB
[2026-01-17 01:19:18] [32minfo[39m: MongoDB connected successfully
[2026-01-17 01:19:18] [32minfo[39m: Table questions created or already exists.
[2026-01-17 01:19:21] [32minfo[39m: Server is running on port 8000
[2026-01-17 01:19:21] [32minfo[39m: Database connected successfully
[2026-01-17 01:19:21] [32minfo[39m: Connecting to MongoDB...
[2026-01-17 01:19:21] [32minfo[39m: Successfully connected to MongoDB
[2026-01-17 01:19:21] [32minfo[39m: MongoDB connected successfully
[2026-01-17 01:19:21] [32minfo[39m: Table questions created or already exists.
[2026-01-17 01:19:52] [32minfo[39m: Server is running on port 8000
[2026-01-17 01:19:52] [32minfo[39m: Database connected successfully
[2026-01-17 01:19:52] [32minfo[39m: Connecting to MongoDB...
[2026-01-17 01:19:52] [32minfo[39m: Successfully connected to MongoDB
[2026-01-17 01:19:52] [32minfo[39m: MongoDB connected successfully
[2026-01-17 01:19:52] [32minfo[39m: Table questions created or already exists.
[2026-01-17 01:19:55] [32minfo[39m: Server is running on port 8000
[2026-01-17 01:19:55] [32minfo[39m: Database connected successfully
[2026-01-17 01:19:55] [32minfo[39m: Connecting to MongoDB...
[2026-01-17 01:19:55] [32minfo[39m: Successfully connected to MongoDB
[2026-01-17 01:19:55] [32minfo[39m: MongoDB connected successfully
[2026-01-17 01:19:55] [32minfo[39m: Table questions created or already exists.
[2026-01-17 01:20:25] [32minfo[39m: Server is running on port 8000
[2026-01-17 01:20:25] [32minfo[39m: Database connected successfully
[2026-01-17 01:20:25] [32minfo[39m: Connecting to MongoDB...
[2026-01-17 01:20:25] [32minfo[39m: Successfully connected to MongoDB
[2026-01-17 01:20:25] [32minfo[39m: MongoDB connected successfully
[2026-01-17 01:20:25] [32minfo[39m: Table questions created or already exists.
[2026-01-17 01:20:28] [32minfo[39m: Server is running on port 8000
[2026-01-17 01:20:28] [32minfo[39m: Database connected successfully
[2026-01-17 01:20:28] [32minfo[39m: Connecting to MongoDB...
[2026-01-17 01:20:28] [32minfo[39m: Successfully connected to MongoDB
[2026-01-17 01:20:28] [32minfo[39m: MongoDB connected successfully
[2026-01-17 01:20:28] [32minfo[39m: Table questions created or already exists.
[2026-01-17 01:20:31] [32minfo[39m: Server is running on port 8000
[2026-01-17 01:20:31] [32minfo[39m: Database connected successfully
[2026-01-17 01:20:31] [32minfo[39m: Connecting to MongoDB...
[2026-01-17 01:20:31] [32minfo[39m: Successfully connected to MongoDB
[2026-01-17 01:20:31] [32minfo[39m: MongoDB connected successfully
[2026-01-17 01:20:31] [32minfo[39m: Table questions created or already exists.
[2026-01-17 01:20:33] [32minfo[39m: Server is running on port 8000
[2026-01-17 01:20:33] [32minfo[39m: Database connected successfully
[2026-01-17 01:20:33] [32minfo[39m: Connecting to MongoDB...
[2026-01-17 01:20:33] [32minfo[39m: Successfully connected to MongoDB
[2026-01-17 01:20:33] [32minfo[39m: MongoDB connected successfully
[2026-01-17 01:20:33] [32minfo[39m: Table questions created or already exists.
[2026-01-17 01:20:41] [32minfo[39m: Server is running on port 8000
[2026-01-17 01:20:41] [32minfo[39m: Database connected successfully
[2026-01-17 01:20:41] [32minfo[39m: Connecting to MongoDB...
[2026-01-17 01:20:41] [32minfo[39m: Successfully connected to MongoDB
[2026-01-17 01:20:41] [32minfo[39m: MongoDB connected successfully
[2026-01-17 01:20:41] [32minfo[39m: Table questions created or already exists.
[2026-01-17 01:20:46] [32minfo[39m: Server is running on port 8000
[2026-01-17 01:20:46] [32minfo[39m: Database connected successfully
[2026-01-17 01:20:46] [32minfo[39m: Connecting to MongoDB...
[2026-01-17 01:20:46] [32minfo[39m: Successfully connected to MongoDB
[2026-01-17 01:20:46] [32minfo[39m: MongoDB connected successfully
[2026-01-17 01:20:46] [32minfo[39m: Table questions created or already exists.
[2026-01-17 01:21:09] [32minfo[39m: Server is running on port 8000
[2026-01-17 01:21:09] [32minfo[39m: Database connected successfully
[2026-01-17 01:21:09] [32minfo[39m: Connecting to MongoDB...
[2026-01-17 01:21:09] [32minfo[39m: Successfully connected to MongoDB
[2026-01-17 01:21:09] [32minfo[39m: MongoDB connected successfully
[2026-01-17 01:21:09] [32minfo[39m: Table questions created or already exists.
[2026-01-17 01:21:14] [32minfo[39m: Server is running on port 8000
[2026-01-17 01:21:14] [32minfo[39m: Database connected successfully
[2026-01-17 01:21:14] [32minfo[39m: Connecting to MongoDB...
[2026-01-17 01:21:14] [32minfo[39m: Successfully connected to MongoDB
[2026-01-17 01:21:14] [32minfo[39m: MongoDB connected successfully
[2026-01-17 01:21:14] [32minfo[39m: Table questions created or already exists.
[2026-01-17 01:21:21] [32minfo[39m: Server is running on port 8000
[2026-01-17 01:21:21] [32minfo[39m: Database connected successfully
[2026-01-17 01:21:21] [32minfo[39m: Connecting to MongoDB...
[2026-01-17 01:21:21] [32minfo[39m: Successfully connected to MongoDB
[2026-01-17 01:21:21] [32minfo[39m: MongoDB connected successfully
[2026-01-17 01:21:21] [32minfo[39m: Table questions created or already exists.
[2026-01-17 01:22:54] [32minfo[39m: Server is running on port 8000
[2026-01-17 01:22:54] [32minfo[39m: Database connected successfully
[2026-01-17 01:22:54] [32minfo[39m: Connecting to MongoDB...
[2026-01-17 01:22:55] [32minfo[39m: Successfully connected to MongoDB
[2026-01-17 01:22:55] [32minfo[39m: MongoDB connected successfully
[2026-01-17 01:22:55] [32minfo[39m: Table questions created or already exists.
[2026-01-17 01:26:07] [32minfo[39m: Server is running on port 8000
[2026-01-17 01:26:07] [32minfo[39m: Database connected successfully
[2026-01-17 01:26:07] [32minfo[39m: Connecting to MongoDB...
[2026-01-17 01:26:07] [32minfo[39m: Successfully connected to MongoDB
[2026-01-17 01:26:07] [32minfo[39m: MongoDB connected successfully
[2026-01-17 01:26:07] [32minfo[39m: Table questions created or already exists.
[2026-01-17 01:26:13] [32minfo[39m: Server is running on port 8000
[2026-01-17 01:26:13] [32minfo[39m: Database connected successfully
[2026-01-17 01:26:13] [32minfo[39m: Connecting to MongoDB...
[2026-01-17 01:26:13] [32minfo[39m: Successfully connected to MongoDB
[2026-01-17 01:26:13] [32minfo[39m: MongoDB connected successfully
[2026-01-17 01:26:13] [32minfo[39m: Table questions created or already exists.
[2026-01-17 01:26:22] [32minfo[39m: Server is running on port 8000
[2026-01-17 01:26:22] [32minfo[39m: Database connected successfully
[2026-01-17 01:26:22] [32minfo[39m: Connecting to MongoDB...
[2026-01-17 01:26:22] [32minfo[39m: Successfully connected to MongoDB
[2026-01-17 01:26:22] [32minfo[39m: MongoDB connected successfully
[2026-01-17 01:26:22] [32minfo[39m: Table questions created or already exists.
[2026-01-17 01:26:41] [32minfo[39m: Server is running on port 8000
[2026-01-17 01:26:41] [32minfo[39m: Database connected successfully
[2026-01-17 01:26:41] [32minfo[39m: Connecting to MongoDB...
[2026-01-17 01:26:41] [32minfo[39m: Successfully connected to MongoDB
[2026-01-17 01:26:41] [32minfo[39m: MongoDB connected successfully
[2026-01-17 01:26:41] [32minfo[39m: Table questions created or already exists.
[2026-01-17 01:26:45] [32minfo[39m: Server is running on port 8000
[2026-01-17 01:26:45] [32minfo[39m: Database connected successfully
[2026-01-17 01:26:45] [32minfo[39m: Connecting to MongoDB...
[2026-01-17 01:26:46] [32minfo[39m: Successfully connected to MongoDB
[2026-01-17 01:26:46] [32minfo[39m: MongoDB connected successfully
[2026-01-17 01:26:46] [32minfo[39m: Table questions created or already exists.
[2026-01-17 01:26:54] [32minfo[39m: Server is running on port 8000
[2026-01-17 01:26:54] [32minfo[39m: Database connected successfully
[2026-01-17 01:26:54] [32minfo[39m: Connecting to MongoDB...
[2026-01-17 01:26:54] [32minfo[39m: Successfully connected to MongoDB
[2026-01-17 01:26:54] [32minfo[39m: MongoDB connected successfully
[2026-01-17 01:26:54] [32minfo[39m: Table questions created or already exists.
[2026-01-17 01:27:16] [32minfo[39m: Server is running on port 8000
[2026-01-17 01:27:16] [32minfo[39m: Database connected successfully
[2026-01-17 01:27:16] [32minfo[39m: Connecting to MongoDB...
[2026-01-17 01:27:16] [32minfo[39m: Successfully connected to MongoDB
[2026-01-17 01:27:16] [32minfo[39m: MongoDB connected successfully
[2026-01-17 01:27:16] [32minfo[39m: Table questions created or already exists.
[2026-01-17 01:27:18] [32minfo[39m: Server is running on port 8000
[2026-01-17 01:27:18] [32minfo[39m: Database connected successfully
[2026-01-17 01:27:18] [32minfo[39m: Connecting to MongoDB...
[2026-01-17 01:27:18] [32minfo[39m: Successfully connected to MongoDB
[2026-01-17 01:27:18] [32minfo[39m: MongoDB connected successfully
[2026-01-17 01:27:18] [32minfo[39m: Table questions created or already exists.
[2026-01-17 01:27:22] [32minfo[39m: Server is running on port 8000
[2026-01-17 01:27:22] [32minfo[39m: Database connected successfully
[2026-01-17 01:27:22] [32minfo[39m: Connecting to MongoDB...
[2026-01-17 01:27:22] [32minfo[39m: Successfully connected to MongoDB
[2026-01-17 01:27:22] [32minfo[39m: MongoDB connected successfully
[2026-01-17 01:27:22] [32minfo[39m: Table questions created or already exists.
[2026-01-17 01:27:24] [32minfo[39m: Server is running on port 8000
[2026-01-17 01:27:24] [32minfo[39m: Database connected successfully
[2026-01-17 01:27:24] [32minfo[39m: Connecting to MongoDB...
[2026-01-17 01:27:24] [32minfo[39m: Successfully connected to MongoDB
[2026-01-17 01:27:24] [32minfo[39m: MongoDB connected successfully
[2026-01-17 01:27:24] [32minfo[39m: Table questions created or already exists.
[2026-01-17 01:27:27] [32minfo[39m: Server is running on port 8000
[2026-01-17 01:27:27] [32minfo[39m: Database connected successfully
[2026-01-17 01:27:27] [32minfo[39m: Connecting to MongoDB...
[2026-01-17 01:27:27] [32minfo[39m: Successfully connected to MongoDB
[2026-01-17 01:27:27] [32minfo[39m: MongoDB connected successfully
[2026-01-17 01:27:27] [32minfo[39m: Table questions created or already exists.
[2026-01-17 01:27:52] [32minfo[39m: Server is running on port 8000
[2026-01-17 01:27:52] [32minfo[39m: Database connected successfully
[2026-01-17 01:27:52] [32minfo[39m: Connecting to MongoDB...
[2026-01-17 01:27:52] [32minfo[39m: Successfully connected to MongoDB
[2026-01-17 01:27:52] [32minfo[39m: MongoDB connected successfully
[2026-01-17 01:27:52] [32minfo[39m: Table questions created or already exists.
[2026-01-17 01:28:24] [32minfo[39m: Server is running on port 8000
[2026-01-17 01:28:24] [32minfo[39m: Database connected successfully
[2026-01-17 01:28:24] [32minfo[39m: Connecting to MongoDB...
[2026-01-17 01:28:24] [32minfo[39m: Successfully connected to MongoDB
[2026-01-17 01:28:24] [32minfo[39m: MongoDB connected successfully
[2026-01-17 01:28:24] [32minfo[39m: Table questions created or already exists.
[2026-01-17 01:28:39] [32minfo[39m: Server is running on port 8000
[2026-01-17 01:28:39] [32minfo[39m: Database connected successfully
[2026-01-17 01:28:39] [32minfo[39m: Connecting to MongoDB...
[2026-01-17 01:28:39] [32minfo[39m: Successfully connected to MongoDB
[2026-01-17 01:28:39] [32minfo[39m: MongoDB connected successfully
[2026-01-17 01:28:39] [32minfo[39m: Table questions created or already exists.
[2026-01-17 13:43:30] [32minfo[39m: Server is running on port 8000
[2026-01-17 13:43:30] [32minfo[39m: Database connected successfully
[2026-01-17 13:43:30] [32minfo[39m: Connecting to MongoDB...
[2026-01-17 13:43:30] [32minfo[39m: Successfully connected to MongoDB
[2026-01-17 13:43:30] [32minfo[39m: MongoDB connected successfully
[2026-01-17 13:43:30] [32minfo[39m: Table questions created or already exists.
[2026-01-17 13:49:08] [32minfo[39m: Server is running on port 8000
[2026-01-17 13:49:08] [32minfo[39m: Database connected successfully
[2026-01-17 13:49:08] [32minfo[39m: Connecting to MongoDB...
[2026-01-17 13:49:08] [32minfo[39m: Successfully connected to MongoDB
[2026-01-17 13:49:08] [32minfo[39m: MongoDB connected successfully
[2026-01-17 13:49:08] [32minfo[39m: Table questions created or already exists.
[2026-01-17 13:49:28] [32minfo[39m: Server is running on port 8000
[2026-01-17 13:49:28] [32minfo[39m: Database connected successfully
[2026-01-17 13:49:28] [32minfo[39m: Connecting to MongoDB...
[2026-01-17 13:49:28] [32minfo[39m: Successfully connected to MongoDB
[2026-01-17 13:49:28] [32minfo[39m: MongoDB connected successfully
[2026-01-17 13:49:28] [32minfo[39m: Table questions created or already exists.
[2026-01-17 13:49:30] [32minfo[39m: Server is running on port 8000
[2026-01-17 13:49:30] [32minfo[39m: Database connected successfully
[2026-01-17 13:49:30] [32minfo[39m: Connecting to MongoDB...
[2026-01-17 13:49:30] [32minfo[39m: Successfully connected to MongoDB
[2026-01-17 13:49:30] [32minfo[39m: MongoDB connected successfully
[2026-01-17 13:49:30] [32minfo[39m: Table questions created or already exists.
[2026-01-17 13:49:32] [32minfo[39m: Server is running on port 8000
[2026-01-17 13:49:32] [32minfo[39m: Database connected successfully
[2026-01-17 13:49:32] [32minfo[39m: Connecting to MongoDB...
[2026-01-17 13:49:32] [32minfo[39m: Successfully connected to MongoDB
[2026-01-17 13:49:32] [32minfo[39m: MongoDB connected successfully
[2026-01-17 13:49:32] [32minfo[39m: Table questions created or already exists.
[2026-01-17 13:49:46] [32minfo[39m: Server is running on port 8000
[2026-01-17 13:49:46] [32minfo[39m: Database connected successfully
[2026-01-17 13:49:46] [32minfo[39m: Connecting to MongoDB...
[2026-01-17 13:49:46] [32minfo[39m: Successfully connected to MongoDB
[2026-01-17 13:49:46] [32minfo[39m: MongoDB connected successfully
[2026-01-17 13:49:46] [32minfo[39m: Table questions created or already exists.
[2026-01-17 13:49:54] [32minfo[39m: Server is running on port 8000
[2026-01-17 13:49:54] [32minfo[39m: Database connected successfully
[2026-01-17 13:49:54] [32minfo[39m: Connecting to MongoDB...
[2026-01-17 13:49:54] [32minfo[39m: Successfully connected to MongoDB
[2026-01-17 13:49:54] [32minfo[39m: MongoDB connected successfully
[2026-01-17 13:49:54] [32minfo[39m: Table questions created or already exists.
[2026-01-17 13:49:58] [32minfo[39m: Server is running on port 8000
[2026-01-17 13:49:58] [32minfo[39m: Database connected successfully
[2026-01-17 13:49:58] [32minfo[39m: Connecting to MongoDB...
[2026-01-17 13:49:58] [32minfo[39m: Successfully connected to MongoDB
[2026-01-17 13:49:58] [32minfo[39m: MongoDB connected successfully
[2026-01-17 13:49:58] [32minfo[39m: Table questions created or already exists.
[2026-01-17 13:50:00] [32minfo[39m: Server is running on port 8000
[2026-01-17 13:50:00] [32minfo[39m: Database connected successfully
[2026-01-17 13:50:00] [32minfo[39m: Connecting to MongoDB...
[2026-01-17 13:50:00] [32minfo[39m: Successfully connected to MongoDB
[2026-01-17 13:50:00] [32minfo[39m: MongoDB connected successfully
[2026-01-17 13:50:00] [32minfo[39m: Table questions created or already exists.
[2026-01-17 13:50:06] [32minfo[39m: Server is running on port 8000
[2026-01-17 13:50:06] [32minfo[39m: Database connected successfully
[2026-01-17 13:50:06] [32minfo[39m: Connecting to MongoDB...
[2026-01-17 13:50:06] [32minfo[39m: Successfully connected to MongoDB
[2026-01-17 13:50:06] [32minfo[39m: MongoDB connected successfully
[2026-01-17 13:50:06] [32minfo[39m: Table questions created or already exists.
[2026-01-17 13:50:08] [32minfo[39m: Server is running on port 8000
[2026-01-17 13:50:08] [32minfo[39m: Database connected successfully
[2026-01-17 13:50:08] [32minfo[39m: Connecting to MongoDB...
[2026-01-17 13:50:08] [32minfo[39m: Successfully connected to MongoDB
[2026-01-17 13:50:08] [32minfo[39m: MongoDB connected successfully
[2026-01-17 13:50:08] [32minfo[39m: Table questions created or already exists.
[2026-01-17 13:50:13] [32minfo[39m: Server is running on port 8000
[2026-01-17 13:50:13] [32minfo[39m: Database connected successfully
[2026-01-17 13:50:13] [32minfo[39m: Connecting to MongoDB...
[2026-01-17 13:50:13] [32minfo[39m: Successfully connected to MongoDB
[2026-01-17 13:50:13] [32minfo[39m: MongoDB connected successfully
[2026-01-17 13:50:13] [32minfo[39m: Table questions created or already exists.
[2026-01-17 13:50:17] [32minfo[39m: Server is running on port 8000
[2026-01-17 13:50:17] [32minfo[39m: Database connected successfully
[2026-01-17 13:50:17] [32minfo[39m: Connecting to MongoDB...
[2026-01-17 13:50:17] [32minfo[39m: Successfully connected to MongoDB
[2026-01-17 13:50:17] [32minfo[39m: MongoDB connected successfully
[2026-01-17 13:50:17] [32minfo[39m: Table questions created or already exists.
[2026-01-17 13:50:20] [32minfo[39m: Server is running on port 8000
[2026-01-17 13:50:20] [32minfo[39m: Database connected successfully
[2026-01-17 13:50:20] [32minfo[39m: Connecting to MongoDB...
[2026-01-17 13:50:20] [32minfo[39m: Successfully connected to MongoDB
[2026-01-17 13:50:20] [32minfo[39m: MongoDB connected successfully
[2026-01-17 13:50:20] [32minfo[39m: Table questions created or already exists.
[2026-01-17 13:50:35] [32minfo[39m: Server is running on port 8000
[2026-01-17 13:50:35] [32minfo[39m: Database connected successfully
[2026-01-17 13:50:35] [32minfo[39m: Connecting to MongoDB...
[2026-01-17 13:50:35] [32minfo[39m: Successfully connected to MongoDB
[2026-01-17 13:50:35] [32minfo[39m: MongoDB connected successfully
[2026-01-17 13:50:35] [32minfo[39m: Table questions created or already exists.
[2026-01-17 13:50:56] [32minfo[39m: Server is running on port 8000
[2026-01-17 13:50:56] [32minfo[39m: Database connected successfully
[2026-01-17 13:50:56] [32minfo[39m: Connecting to MongoDB...
[2026-01-17 13:50:56] [32minfo[39m: Successfully connected to MongoDB
[2026-01-17 13:50:56] [32minfo[39m: MongoDB connected successfully
[2026-01-17 13:50:56] [32minfo[39m: Table questions created or already exists.
[2026-01-17 13:50:58] [32minfo[39m: Server is running on port 8000
[2026-01-17 13:50:58] [32minfo[39m: Database connected successfully
[2026-01-17 13:50:58] [32minfo[39m: Connecting to MongoDB...
[2026-01-17 13:50:58] [32minfo[39m: Successfully connected to MongoDB
[2026-01-17 13:50:58] [32minfo[39m: MongoDB connected successfully
[2026-01-17 13:50:58] [32minfo[39m: Table questions created or already exists.
[2026-01-17 13:51:01] [32minfo[39m: Server is running on port 8000
[2026-01-17 13:51:01] [32minfo[39m: Database connected successfully
[2026-01-17 13:51:01] [32minfo[39m: Connecting to MongoDB...
[2026-01-17 13:51:01] [32minfo[39m: Successfully connected to MongoDB
[2026-01-17 13:51:01] [32minfo[39m: MongoDB connected successfully
[2026-01-17 13:51:01] [32minfo[39m: Table questions created or already exists.
[2026-01-17 13:51:02] [32minfo[39m: Server is running on port 8000
[2026-01-17 13:51:02] [32minfo[39m: Database connected successfully
[2026-01-17 13:51:02] [32minfo[39m: Connecting to MongoDB...
[2026-01-17 13:51:02] [32minfo[39m: Successfully connected to MongoDB
[2026-01-17 13:51:02] [32minfo[39m: MongoDB connected successfully
[2026-01-17 13:51:02] [32minfo[39m: Table questions created or already exists.
[2026-01-17 13:51:03] [32minfo[39m: Server is running on port 8000
[2026-01-17 13:51:03] [32minfo[39m: Database connected successfully
[2026-01-17 13:51:03] [32minfo[39m: Connecting to MongoDB...
[2026-01-17 13:51:03] [32minfo[39m: Successfully connected to MongoDB
[2026-01-17 13:51:03] [32minfo[39m: MongoDB connected successfully
[2026-01-17 13:51:03] [32minfo[39m: Table questions created or already exists.
[2026-01-17 13:51:06] [32minfo[39m: Server is running on port 8000
[2026-01-17 13:51:06] [32minfo[39m: Database connected successfully
[2026-01-17 13:51:06] [32minfo[39m: Connecting to MongoDB...
[2026-01-17 13:51:06] [32minfo[39m: Successfully connected to MongoDB
[2026-01-17 13:51:06] [32minfo[39m: MongoDB connected successfully
[2026-01-17 13:51:06] [32minfo[39m: Table questions created or already exists.
[2026-01-17 13:51:07] [32minfo[39m: Server is running on port 8000
[2026-01-17 13:51:07] [32minfo[39m: Database connected successfully
[2026-01-17 13:51:07] [32minfo[39m: Connecting to MongoDB...
[2026-01-17 13:51:07] [32minfo[39m: Successfully connected to MongoDB
[2026-01-17 13:51:07] [32minfo[39m: MongoDB connected successfully
[2026-01-17 13:51:07] [32minfo[39m: Table questions created or already exists.
[2026-01-17 13:51:14] [32minfo[39m: Server is running on port 8000
[2026-01-17 13:51:14] [32minfo[39m: Database connected successfully
[2026-01-17 13:51:14] [32minfo[39m: Connecting to MongoDB...
[2026-01-17 13:51:14] [32minfo[39m: Successfully connected to MongoDB
[2026-01-17 13:51:14] [32minfo[39m: MongoDB connected successfully
[2026-01-17 13:51:15] [32minfo[39m: Table questions created or already exists.
[2026-01-17 13:51:22] [32minfo[39m: Server is running on port 8000
[2026-01-17 13:51:22] [32minfo[39m: Database connected successfully
[2026-01-17 13:51:22] [32minfo[39m: Connecting to MongoDB...
[2026-01-17 13:51:23] [32minfo[39m: Successfully connected to MongoDB
[2026-01-17 13:51:23] [32minfo[39m: MongoDB connected successfully
[2026-01-17 13:51:23] [32minfo[39m: Table questions created or already exists.
[2026-01-17 13:51:47] [32minfo[39m: Server is running on port 8000
[2026-01-17 13:51:47] [32minfo[39m: Database connected successfully
[2026-01-17 13:51:47] [32minfo[39m: Connecting to MongoDB...
[2026-01-17 13:51:47] [32minfo[39m: Successfully connected to MongoDB
[2026-01-17 13:51:47] [32minfo[39m: MongoDB connected successfully
[2026-01-17 13:51:47] [32minfo[39m: Table questions created or already exists.
[2026-01-17 13:52:07] [32minfo[39m: Server is running on port 8000
[2026-01-17 13:52:07] [32minfo[39m: Database connected successfully
[2026-01-17 13:52:07] [32minfo[39m: Connecting to MongoDB...
[2026-01-17 13:52:07] [32minfo[39m: Successfully connected to MongoDB
[2026-01-17 13:52:07] [32minfo[39m: MongoDB connected successfully
[2026-01-17 13:52:07] [32minfo[39m: Table questions created or already exists.
[2026-01-17 13:52:11] [32minfo[39m: Server is running on port 8000
[2026-01-17 13:52:11] [32minfo[39m: Database connected successfully
[2026-01-17 13:52:11] [32minfo[39m: Connecting to MongoDB...
[2026-01-17 13:52:11] [32minfo[39m: Successfully connected to MongoDB
[2026-01-17 13:52:11] [32minfo[39m: MongoDB connected successfully
[2026-01-17 13:52:11] [32minfo[39m: Table questions created or already exists.
[2026-01-17 13:52:12] [32minfo[39m: Server is running on port 8000
[2026-01-17 13:52:12] [32minfo[39m: Database connected successfully
[2026-01-17 13:52:12] [32minfo[39m: Connecting to MongoDB...
[2026-01-17 13:52:12] [32minfo[39m: Successfully connected to MongoDB
[2026-01-17 13:52:12] [32minfo[39m: MongoDB connected successfully
[2026-01-17 13:52:12] [32minfo[39m: Table questions created or already exists.
[2026-01-17 13:52:21] [32minfo[39m: Server is running on port 8000
[2026-01-17 13:52:21] [32minfo[39m: Database connected successfully
[2026-01-17 13:52:21] [32minfo[39m: Connecting to MongoDB...
[2026-01-17 13:52:21] [32minfo[39m: Successfully connected to MongoDB
[2026-01-17 13:52:21] [32minfo[39m: MongoDB connected successfully
[2026-01-17 13:52:21] [32minfo[39m: Table questions created or already exists.
[2026-01-17 13:52:23] [32minfo[39m: Server is running on port 8000
[2026-01-17 13:52:23] [32minfo[39m: Database connected successfully
[2026-01-17 13:52:23] [32minfo[39m: Connecting to MongoDB...
[2026-01-17 13:52:23] [32minfo[39m: Successfully connected to MongoDB
[2026-01-17 13:52:23] [32minfo[39m: MongoDB connected successfully
[2026-01-17 13:52:23] [32minfo[39m: Table questions created or already exists.
[2026-01-17 13:52:33] [32minfo[39m: Server is running on port 8000
[2026-01-17 13:52:33] [32minfo[39m: Database connected successfully
[2026-01-17 13:52:33] [32minfo[39m: Connecting to MongoDB...
[2026-01-17 13:52:33] [32minfo[39m: Successfully connected to MongoDB
[2026-01-17 13:52:33] [32minfo[39m: MongoDB connected successfully
[2026-01-17 13:52:33] [32minfo[39m: Table questions created or already exists.
[2026-01-17 13:52:37] [32minfo[39m: Server is running on port 8000
[2026-01-17 13:52:37] [32minfo[39m: Database connected successfully
[2026-01-17 13:52:37] [32minfo[39m: Connecting to MongoDB...
[2026-01-17 13:52:37] [32minfo[39m: Successfully connected to MongoDB
[2026-01-17 13:52:37] [32minfo[39m: MongoDB connected successfully
[2026-01-17 13:52:37] [32minfo[39m: Table questions created or already exists.
[2026-01-17 13:52:38] [32minfo[39m: Server is running on port 8000
[2026-01-17 13:52:38] [32minfo[39m: Database connected successfully
[2026-01-17 13:52:38] [32minfo[39m: Connecting to MongoDB...
[2026-01-17 13:52:38] [32minfo[39m: Successfully connected to MongoDB
[2026-01-17 13:52:38] [32minfo[39m: MongoDB connected successfully
[2026-01-17 13:52:38] [32minfo[39m: Table questions created or already exists.
[2026-01-17 13:52:45] [32minfo[39m: Server is running on port 8000
[2026-01-17 13:52:45] [32minfo[39m: Database connected successfully
[2026-01-17 13:52:45] [32minfo[39m: Connecting to MongoDB...
[2026-01-17 13:52:45] [32minfo[39m: Successfully connected to MongoDB
[2026-01-17 13:52:45] [32minfo[39m: MongoDB connected successfully
[2026-01-17 13:52:45] [32minfo[39m: Table questions created or already exists.
[2026-01-17 13:52:49] [32minfo[39m: Server is running on port 8000
[2026-01-17 13:52:49] [32minfo[39m: Database connected successfully
[2026-01-17 13:52:49] [32minfo[39m: Connecting to MongoDB...
[2026-01-17 13:52:49] [32minfo[39m: Successfully connected to MongoDB
[2026-01-17 13:52:49] [32minfo[39m: MongoDB connected successfully
[2026-01-17 13:52:49] [32minfo[39m: Table questions created or already exists.
[2026-01-17 13:52:59] [32minfo[39m: Server is running on port 8000
[2026-01-17 13:52:59] [32minfo[39m: Database connected successfully
[2026-01-17 13:52:59] [32minfo[39m: Connecting to MongoDB...
[2026-01-17 13:52:59] [32minfo[39m: Successfully connected to MongoDB
[2026-01-17 13:52:59] [32minfo[39m: MongoDB connected successfully
[2026-01-17 13:52:59] [32minfo[39m: Table questions created or already exists.
[2026-01-17 13:53:06] [32minfo[39m: Server is running on port 8000
[2026-01-17 13:53:06] [32minfo[39m: Database connected successfully
[2026-01-17 13:53:06] [32minfo[39m: Connecting to MongoDB...
[2026-01-17 13:53:06] [32minfo[39m: Successfully connected to MongoDB
[2026-01-17 13:53:06] [32minfo[39m: MongoDB connected successfully
[2026-01-17 13:53:06] [32minfo[39m: Table questions created or already exists.
[2026-01-17 13:53:08] [32minfo[39m: Server is running on port 8000
[2026-01-17 13:53:08] [32minfo[39m: Database connected successfully
[2026-01-17 13:53:08] [32minfo[39m: Connecting to MongoDB...
[2026-01-17 13:53:08] [32minfo[39m: Successfully connected to MongoDB
[2026-01-17 13:53:08] [32minfo[39m: MongoDB connected successfully
[2026-01-17 13:53:08] [32minfo[39m: Table questions created or already exists.
[2026-01-17 13:53:15] [32minfo[39m: Server is running on port 8000
[2026-01-17 13:53:15] [32minfo[39m: Database connected successfully
[2026-01-17 13:53:15] [32minfo[39m: Connecting to MongoDB...
[2026-01-17 13:53:15] [32minfo[39m: Successfully connected to MongoDB
[2026-01-17 13:53:15] [32minfo[39m: MongoDB connected successfully
[2026-01-17 13:53:15] [32minfo[39m: Table questions created or already exists.
[2026-01-17 13:53:19] [32minfo[39m: Server is running on port 8000
[2026-01-17 13:53:19] [32minfo[39m: Database connected successfully
[2026-01-17 13:53:19] [32minfo[39m: Connecting to MongoDB...
[2026-01-17 13:53:19] [32minfo[39m: Successfully connected to MongoDB
[2026-01-17 13:53:19] [32minfo[39m: MongoDB connected successfully
[2026-01-17 13:53:19] [32minfo[39m: Table questions created or already exists.
[2026-01-17 13:53:20] [32minfo[39m: Server is running on port 8000
[2026-01-17 13:53:20] [32minfo[39m: Database connected successfully
[2026-01-17 13:53:20] [32minfo[39m: Connecting to MongoDB...
[2026-01-17 13:53:20] [32minfo[39m: Successfully connected to MongoDB
[2026-01-17 13:53:20] [32minfo[39m: MongoDB connected successfully
[2026-01-17 13:53:20] [32minfo[39m: Table questions created or already exists.
[2026-01-17 13:53:24] [32minfo[39m: Server is running on port 8000
[2026-01-17 13:53:24] [32minfo[39m: Database connected successfully
[2026-01-17 13:53:24] [32minfo[39m: Connecting to MongoDB...
[2026-01-17 13:53:24] [32minfo[39m: Successfully connected to MongoDB
[2026-01-17 13:53:24] [32minfo[39m: MongoDB connected successfully
[2026-01-17 13:53:24] [32minfo[39m: Table questions created or already exists.
[2026-01-17 13:53:34] [32minfo[39m: Server is running on port 8000
[2026-01-17 13:53:34] [32minfo[39m: Database connected successfully
[2026-01-17 13:53:34] [32minfo[39m: Connecting to MongoDB...
[2026-01-17 13:53:34] [32minfo[39m: Successfully connected to MongoDB
[2026-01-17 13:53:34] [32minfo[39m: MongoDB connected successfully
[2026-01-17 13:53:34] [32minfo[39m: Table questions created or already exists.
[2026-01-17 13:53:37] [32minfo[39m: Server is running on port 8000
[2026-01-17 13:53:37] [32minfo[39m: Database connected successfully
[2026-01-17 13:53:37] [32minfo[39m: Connecting to MongoDB...
[2026-01-17 13:53:37] [32minfo[39m: Successfully connected to MongoDB
[2026-01-17 13:53:37] [32minfo[39m: MongoDB connected successfully
[2026-01-17 13:53:37] [32minfo[39m: Table questions created or already exists.
[2026-01-17 13:53:40] [32minfo[39m: Server is running on port 8000
[2026-01-17 13:53:40] [32minfo[39m: Database connected successfully
[2026-01-17 13:53:40] [32minfo[39m: Connecting to MongoDB...
[2026-01-17 13:53:40] [32minfo[39m: Successfully connected to MongoDB
[2026-01-17 13:53:40] [32minfo[39m: MongoDB connected successfully
[2026-01-17 13:53:40] [32minfo[39m: Table questions created or already exists.
[2026-01-17 13:55:30] [32minfo[39m: Server is running on port 8000
[2026-01-17 13:55:30] [32minfo[39m: Database connected successfully
[2026-01-17 13:55:30] [32minfo[39m: Connecting to MongoDB...
[2026-01-17 13:55:30] [32minfo[39m: Successfully connected to MongoDB
[2026-01-17 13:55:30] [32minfo[39m: MongoDB connected successfully
[2026-01-17 13:55:30] [32minfo[39m: Table questions created or already exists.
[2026-01-17 13:55:53] [32minfo[39m: Server is running on port 8000
[2026-01-17 13:55:53] [32minfo[39m: Database connected successfully
[2026-01-17 13:55:53] [32minfo[39m: Connecting to MongoDB...
[2026-01-17 13:55:53] [32minfo[39m: Successfully connected to MongoDB
[2026-01-17 13:55:53] [32minfo[39m: MongoDB connected successfully
[2026-01-17 13:55:53] [32minfo[39m: Table questions created or already exists.
[2026-01-17 13:55:57] [32minfo[39m: Server is running on port 8000
[2026-01-17 13:55:57] [32minfo[39m: Database connected successfully
[2026-01-17 13:55:57] [32minfo[39m: Connecting to MongoDB...
[2026-01-17 13:55:57] [32minfo[39m: Successfully connected to MongoDB
[2026-01-17 13:55:57] [32minfo[39m: MongoDB connected successfully
[2026-01-17 13:55:57] [32minfo[39m: Table questions created or already exists.
[2026-01-17 13:55:58] [32minfo[39m: Server is running on port 8000
[2026-01-17 13:55:58] [32minfo[39m: Database connected successfully
[2026-01-17 13:55:58] [32minfo[39m: Connecting to MongoDB...
[2026-01-17 13:55:58] [32minfo[39m: Successfully connected to MongoDB
[2026-01-17 13:55:58] [32minfo[39m: MongoDB connected successfully
[2026-01-17 13:55:58] [32minfo[39m: Table questions created or already exists.
[2026-01-17 13:56:32] [32minfo[39m: Server is running on port 8000
[2026-01-17 13:56:32] [32minfo[39m: Database connected successfully
[2026-01-17 13:56:32] [32minfo[39m: Connecting to MongoDB...
[2026-01-17 13:56:32] [32minfo[39m: Successfully connected to MongoDB
[2026-01-17 13:56:32] [32minfo[39m: MongoDB connected successfully
[2026-01-17 13:56:32] [32minfo[39m: Table questions created or already exists.
[2026-01-17 13:56:34] [32minfo[39m: Server is running on port 8000
[2026-01-17 13:56:34] [32minfo[39m: Database connected successfully
[2026-01-17 13:56:34] [32minfo[39m: Connecting to MongoDB...
[2026-01-17 13:56:34] [32minfo[39m: Successfully connected to MongoDB
[2026-01-17 13:56:34] [32minfo[39m: MongoDB connected successfully
[2026-01-17 13:56:34] [32minfo[39m: Table questions created or already exists.
[2026-01-17 14:00:01] [32minfo[39m: Server is running on port 8000
[2026-01-17 14:00:01] [32minfo[39m: Database connected successfully
[2026-01-17 14:00:01] [32minfo[39m: Connecting to MongoDB...
[2026-01-17 14:00:01] [32minfo[39m: Successfully connected to MongoDB
[2026-01-17 14:00:01] [32minfo[39m: MongoDB connected successfully
[2026-01-17 14:00:01] [32minfo[39m: Table questions created or already exists.
[2026-01-17 14:02:40] [32minfo[39m: Server is running on port 8000
[2026-01-17 14:02:40] [32minfo[39m: Database connected successfully
[2026-01-17 14:02:40] [32minfo[39m: Connecting to MongoDB...
[2026-01-17 14:02:40] [32minfo[39m: Successfully connected to MongoDB
[2026-01-17 14:02:40] [32minfo[39m: MongoDB connected successfully
[2026-01-17 14:02:40] [32minfo[39m: Table questions created or already exists.
[2026-01-17 14:02:42] [32minfo[39m: Server is running on port 8000
[2026-01-17 14:02:42] [32minfo[39m: Database connected successfully
[2026-01-17 14:02:42] [32minfo[39m: Connecting to MongoDB...
[2026-01-17 14:02:42] [32minfo[39m: Successfully connected to MongoDB
[2026-01-17 14:02:42] [32minfo[39m: MongoDB connected successfully
[2026-01-17 14:02:42] [32minfo[39m: Table questions created or already exists.
[2026-01-17 14:02:46] [32minfo[39m: Server is running on port 8000
[2026-01-17 14:02:46] [32minfo[39m: Database connected successfully
[2026-01-17 14:02:46] [32minfo[39m: Connecting to MongoDB...
[2026-01-17 14:02:46] [32minfo[39m: Successfully connected to MongoDB
[2026-01-17 14:02:46] [32minfo[39m: MongoDB connected successfully
[2026-01-17 14:02:46] [32minfo[39m: Table questions created or already exists.
[2026-01-17 14:02:48] [32minfo[39m: Server is running on port 8000
[2026-01-17 14:02:48] [32minfo[39m: Database connected successfully
[2026-01-17 14:02:48] [32minfo[39m: Connecting to MongoDB...
[2026-01-17 14:02:48] [32minfo[39m: Successfully connected to MongoDB
[2026-01-17 14:02:48] [32minfo[39m: MongoDB connected successfully
[2026-01-17 14:02:48] [32minfo[39m: Table questions created or already exists.
[2026-01-17 14:02:49] [32minfo[39m: Server is running on port 8000
[2026-01-17 14:02:49] [32minfo[39m: Database connected successfully
[2026-01-17 14:02:49] [32minfo[39m: Connecting to MongoDB...
[2026-01-17 14:02:49] [32minfo[39m: Successfully connected to MongoDB
[2026-01-17 14:02:49] [32minfo[39m: MongoDB connected successfully
[2026-01-17 14:02:49] [32minfo[39m: Table questions created or already exists.
[2026-01-17 14:02:51] [32minfo[39m: Server is running on port 8000
[2026-01-17 14:02:51] [32minfo[39m: Database connected successfully
[2026-01-17 14:02:51] [32minfo[39m: Connecting to MongoDB...
[2026-01-17 14:02:51] [32minfo[39m: Successfully connected to MongoDB
[2026-01-17 14:02:51] [32minfo[39m: MongoDB connected successfully
[2026-01-17 14:02:51] [32minfo[39m: Table questions created or already exists.
[2026-01-17 14:02:53] [32minfo[39m: Server is running on port 8000
[2026-01-17 14:02:53] [32minfo[39m: Database connected successfully
[2026-01-17 14:02:53] [32minfo[39m: Connecting to MongoDB...
[2026-01-17 14:02:54] [32minfo[39m: Successfully connected to MongoDB
[2026-01-17 14:02:54] [32minfo[39m: MongoDB connected successfully
[2026-01-17 14:02:54] [32minfo[39m: Table questions created or already exists.
[2026-01-17 14:03:22] [32minfo[39m: Server is running on port 8000
[2026-01-17 14:03:22] [32minfo[39m: Database connected successfully
[2026-01-17 14:03:22] [32minfo[39m: Connecting to MongoDB...
[2026-01-17 14:03:22] [32minfo[39m: Successfully connected to MongoDB
[2026-01-17 14:03:22] [32minfo[39m: MongoDB connected successfully
[2026-01-17 14:03:22] [32minfo[39m: Table questions created or already exists.
[2026-01-17 14:03:26] [32minfo[39m: Server is running on port 8000
[2026-01-17 14:03:26] [32minfo[39m: Database connected successfully
[2026-01-17 14:03:26] [32minfo[39m: Connecting to MongoDB...
[2026-01-17 14:03:26] [32minfo[39m: Successfully connected to MongoDB
[2026-01-17 14:03:26] [32minfo[39m: MongoDB connected successfully
[2026-01-17 14:03:26] [32minfo[39m: Table questions created or already exists.
[2026-01-17 14:03:30] [32minfo[39m: Server is running on port 8000
[2026-01-17 14:03:30] [32minfo[39m: Database connected successfully
[2026-01-17 14:03:30] [32minfo[39m: Connecting to MongoDB...
[2026-01-17 14:03:30] [32minfo[39m: Successfully connected to MongoDB
[2026-01-17 14:03:30] [32minfo[39m: MongoDB connected successfully
[2026-01-17 14:03:30] [32minfo[39m: Table questions created or already exists.
[2026-01-17 14:03:46] [32minfo[39m: Server is running on port 8000
[2026-01-17 14:03:46] [32minfo[39m: Database connected successfully
[2026-01-17 14:03:46] [32minfo[39m: Connecting to MongoDB...
[2026-01-17 14:03:46] [32minfo[39m: Successfully connected to MongoDB
[2026-01-17 14:03:46] [32minfo[39m: MongoDB connected successfully
[2026-01-17 14:03:46] [32minfo[39m: Table questions created or already exists.
[2026-01-17 14:04:43] [32minfo[39m: Server is running on port 8000
[2026-01-17 14:04:43] [32minfo[39m: Database connected successfully
[2026-01-17 14:04:43] [32minfo[39m: Connecting to MongoDB...
[2026-01-17 14:04:43] [32minfo[39m: Successfully connected to MongoDB
[2026-01-17 14:04:43] [32minfo[39m: MongoDB connected successfully
[2026-01-17 14:04:43] [32minfo[39m: Table questions created or already exists.
[2026-01-17 14:05:23] [32minfo[39m: Server is running on port 8000
[2026-01-17 14:05:23] [32minfo[39m: Database connected successfully
[2026-01-17 14:05:23] [32minfo[39m: Connecting to MongoDB...
[2026-01-17 14:05:23] [32minfo[39m: Successfully connected to MongoDB
[2026-01-17 14:05:23] [32minfo[39m: MongoDB connected successfully
[2026-01-17 14:05:23] [32minfo[39m: Table questions created or already exists.
[2026-01-17 14:05:42] [32minfo[39m: Server is running on port 8000
[2026-01-17 14:05:42] [32minfo[39m: Database connected successfully
[2026-01-17 14:05:42] [32minfo[39m: Connecting to MongoDB...
[2026-01-17 14:05:42] [32minfo[39m: Successfully connected to MongoDB
[2026-01-17 14:05:42] [32minfo[39m: MongoDB connected successfully
[2026-01-17 14:05:42] [32minfo[39m: Table questions created or already exists.
[2026-01-17 14:12:22] [32minfo[39m: Server is running on port 8000
[2026-01-17 14:12:22] [32minfo[39m: Database connected successfully
[2026-01-17 14:12:22] [32minfo[39m: Connecting to MongoDB...
[2026-01-17 14:12:22] [32minfo[39m: Successfully connected to MongoDB
[2026-01-17 14:12:22] [32minfo[39m: MongoDB connected successfully
[2026-01-17 14:12:22] [32minfo[39m: Table questions created or already exists.
[2026-01-17 14:12:36] [32minfo[39m: Server is running on port 8000
[2026-01-17 14:12:36] [32minfo[39m: Database connected successfully
[2026-01-17 14:12:36] [32minfo[39m: Connecting to MongoDB...
[2026-01-17 14:12:36] [32minfo[39m: Successfully connected to MongoDB
[2026-01-17 14:12:36] [32minfo[39m: MongoDB connected successfully
[2026-01-17 14:12:36] [32minfo[39m: Table questions created or already exists.
[2026-01-17 14:13:56] [32minfo[39m: Server is running on port 8000
[2026-01-17 14:13:56] [32minfo[39m: Database connected successfully
[2026-01-17 14:13:56] [32minfo[39m: Connecting to MongoDB...
[2026-01-17 14:13:56] [32minfo[39m: Successfully connected to MongoDB
[2026-01-17 14:13:56] [32minfo[39m: MongoDB connected successfully
[2026-01-17 14:13:56] [32minfo[39m: Table questions created or already exists.
[2026-01-17 14:57:50] [32minfo[39m: Server is running on port 8000
[2026-01-17 14:57:50] [32minfo[39m: Database connected successfully
[2026-01-17 14:57:50] [32minfo[39m: Connecting to MongoDB...
[2026-01-17 14:57:50] [32minfo[39m: Successfully connected to MongoDB
[2026-01-17 14:57:50] [32minfo[39m: MongoDB connected successfully
[2026-01-17 14:57:50] [32minfo[39m: Table questions created or already exists.
[2026-01-17 14:57:53] [32minfo[39m: Server is running on port 8000
[2026-01-17 14:57:53] [32minfo[39m: Database connected successfully
[2026-01-17 14:57:53] [32minfo[39m: Connecting to MongoDB...
[2026-01-17 14:57:53] [32minfo[39m: Successfully connected to MongoDB
[2026-01-17 14:57:53] [32minfo[39m: MongoDB connected successfully
[2026-01-17 14:57:53] [32minfo[39m: Table questions created or already exists.
[2026-01-17 14:58:22] [32minfo[39m: Server is running on port 8000
[2026-01-17 14:58:22] [32minfo[39m: Database connected successfully
[2026-01-17 14:58:22] [32minfo[39m: Connecting to MongoDB...
[2026-01-17 14:58:22] [32minfo[39m: Successfully connected to MongoDB
[2026-01-17 14:58:22] [32minfo[39m: MongoDB connected successfully
[2026-01-17 14:58:22] [32minfo[39m: Table questions created or already exists.
[2026-01-17 15:03:54] [32minfo[39m: Server is running on port 8000
[2026-01-17 15:03:54] [32minfo[39m: Database connected successfully
[2026-01-17 15:03:54] [32minfo[39m: Connecting to MongoDB...
[2026-01-17 15:03:54] [32minfo[39m: Successfully connected to MongoDB
[2026-01-17 15:03:54] [32minfo[39m: MongoDB connected successfully
[2026-01-17 15:03:54] [32minfo[39m: Table questions created or already exists.
[2026-01-17 15:05:50] [32minfo[39m: Server is running on port 8000
[2026-01-17 15:05:50] [32minfo[39m: Database connected successfully
[2026-01-17 15:05:50] [32minfo[39m: Connecting to MongoDB...
[2026-01-17 15:05:50] [32minfo[39m: Successfully connected to MongoDB
[2026-01-17 15:05:50] [32minfo[39m: MongoDB connected successfully
[2026-01-17 15:05:50] [32minfo[39m: Table questions created or already exists.
[2026-01-17 15:05:52] [32minfo[39m: Server is running on port 8000
[2026-01-17 15:05:52] [32minfo[39m: Database connected successfully
[2026-01-17 15:05:52] [32minfo[39m: Connecting to MongoDB...
[2026-01-17 15:05:52] [32minfo[39m: Successfully connected to MongoDB
[2026-01-17 15:05:52] [32minfo[39m: MongoDB connected successfully
[2026-01-17 15:05:52] [32minfo[39m: Table questions created or already exists.
[2026-01-17 15:05:56] [32minfo[39m: Server is running on port 8000
[2026-01-17 15:05:56] [32minfo[39m: Database connected successfully
[2026-01-17 15:05:56] [32minfo[39m: Connecting to MongoDB...
[2026-01-17 15:05:56] [32minfo[39m: Successfully connected to MongoDB
[2026-01-17 15:05:56] [32minfo[39m: MongoDB connected successfully
[2026-01-17 15:05:56] [32minfo[39m: Table questions created or already exists.
[2026-01-17 15:11:00] [32minfo[39m: Server is running on port 8000
[2026-01-17 15:11:00] [32minfo[39m: Database connected successfully
[2026-01-17 15:11:00] [32minfo[39m: Connecting to MongoDB...
[2026-01-17 15:11:00] [32minfo[39m: Successfully connected to MongoDB
[2026-01-17 15:11:00] [32minfo[39m: MongoDB connected successfully
[2026-01-17 15:11:00] [32minfo[39m: Table questions created or already exists.
[2026-01-17 15:12:45] [32minfo[39m: Server is running on port 8000
[2026-01-17 15:12:45] [32minfo[39m: Database connected successfully
[2026-01-17 15:12:45] [32minfo[39m: Connecting to MongoDB...
[2026-01-17 15:12:45] [32minfo[39m: Successfully connected to MongoDB
[2026-01-17 15:12:45] [32minfo[39m: MongoDB connected successfully
[2026-01-17 15:12:45] [32minfo[39m: Table questions created or already exists.
[2026-01-17 15:17:39] [32minfo[39m: Server is running on port 8000
[2026-01-17 15:17:39] [32minfo[39m: Database connected successfully
[2026-01-17 15:17:39] [32minfo[39m: Connecting to MongoDB...
[2026-01-17 15:17:39] [32minfo[39m: Successfully connected to MongoDB
[2026-01-17 15:17:39] [32minfo[39m: MongoDB connected successfully
[2026-01-17 15:17:39] [32minfo[39m: Table questions created or already exists.
[2026-01-17 15:20:08] [32minfo[39m: Server is running on port 8000
[2026-01-17 15:20:08] [32minfo[39m: Database connected successfully
[2026-01-17 15:20:08] [32minfo[39m: Connecting to MongoDB...
[2026-01-17 15:20:08] [32minfo[39m: Successfully connected to MongoDB
[2026-01-17 15:20:08] [32minfo[39m: MongoDB connected successfully
[2026-01-17 15:20:08] [32minfo[39m: Table questions created or already exists.
[2026-01-17 15:21:43] [32minfo[39m: Server is running on port 8000
[2026-01-17 15:21:43] [32minfo[39m: Database connected successfully
[2026-01-17 15:21:43] [32minfo[39m: Connecting to MongoDB...
[2026-01-17 15:21:43] [32minfo[39m: Successfully connected to MongoDB
[2026-01-17 15:21:43] [32minfo[39m: MongoDB connected successfully
[2026-01-17 15:21:43] [32minfo[39m: Table questions created or already exists.
[2026-01-17 15:22:04] [32minfo[39m: Server is running on port 8000
[2026-01-17 15:22:04] [32minfo[39m: Database connected successfully
[2026-01-17 15:22:04] [32minfo[39m: Connecting to MongoDB...
[2026-01-17 15:22:04] [32minfo[39m: Successfully connected to MongoDB
[2026-01-17 15:22:04] [32minfo[39m: MongoDB connected successfully
[2026-01-17 15:22:04] [32minfo[39m: Table questions created or already exists.
[2026-01-17 15:22:15] [32minfo[39m: Server is running on port 8000
[2026-01-17 15:22:15] [32minfo[39m: Database connected successfully
[2026-01-17 15:22:15] [32minfo[39m: Connecting to MongoDB...
[2026-01-17 15:22:15] [32minfo[39m: Successfully connected to MongoDB
[2026-01-17 15:22:15] [32minfo[39m: MongoDB connected successfully
[2026-01-17 15:22:15] [32minfo[39m: Table questions created or already exists.
[2026-01-17 15:22:27] [32minfo[39m: Server is running on port 8000
[2026-01-17 15:22:27] [32minfo[39m: Database connected successfully
[2026-01-17 15:22:27] [32minfo[39m: Connecting to MongoDB...
[2026-01-17 15:22:27] [32minfo[39m: Successfully connected to MongoDB
[2026-01-17 15:22:27] [32minfo[39m: MongoDB connected successfully
[2026-01-17 15:22:27] [32minfo[39m: Table questions created or already exists.
[2026-01-17 15:22:41] [32minfo[39m: Server is running on port 8000
[2026-01-17 15:22:41] [32minfo[39m: Database connected successfully
[2026-01-17 15:22:41] [32minfo[39m: Connecting to MongoDB...
[2026-01-17 15:22:41] [32minfo[39m: Successfully connected to MongoDB
[2026-01-17 15:22:41] [32minfo[39m: MongoDB connected successfully
[2026-01-17 15:22:41] [32minfo[39m: Table questions created or already exists.
[2026-01-17 15:22:44] [32minfo[39m: Server is running on port 8000
[2026-01-17 15:22:44] [32minfo[39m: Database connected successfully
[2026-01-17 15:22:44] [32minfo[39m: Connecting to MongoDB...
[2026-01-17 15:22:44] [32minfo[39m: Successfully connected to MongoDB
[2026-01-17 15:22:44] [32minfo[39m: MongoDB connected successfully
[2026-01-17 15:22:44] [32minfo[39m: Table questions created or already exists.
[2026-01-17 15:22:45] [32minfo[39m: Server is running on port 8000
[2026-01-17 15:22:45] [32minfo[39m: Database connected successfully
[2026-01-17 15:22:45] [32minfo[39m: Connecting to MongoDB...
[2026-01-17 15:22:45] [32minfo[39m: Successfully connected to MongoDB
[2026-01-17 15:22:45] [32minfo[39m: MongoDB connected successfully
[2026-01-17 15:22:45] [32minfo[39m: Table questions created or already exists.
[2026-01-17 15:22:50] [32minfo[39m: Server is running on port 8000
[2026-01-17 15:22:50] [32minfo[39m: Database connected successfully
[2026-01-17 15:22:50] [32minfo[39m: Connecting to MongoDB...
[2026-01-17 15:22:50] [32minfo[39m: Successfully connected to MongoDB
[2026-01-17 15:22:50] [32minfo[39m: MongoDB connected successfully
[2026-01-17 15:22:50] [32minfo[39m: Table questions created or already exists.
[2026-01-17 15:22:52] [32minfo[39m: Server is running on port 8000
[2026-01-17 15:22:52] [32minfo[39m: Database connected successfully
[2026-01-17 15:22:52] [32minfo[39m: Connecting to MongoDB...
[2026-01-17 15:22:52] [32minfo[39m: Successfully connected to MongoDB
[2026-01-17 15:22:52] [32minfo[39m: MongoDB connected successfully
[2026-01-17 15:22:52] [32minfo[39m: Table questions created or already exists.
[2026-01-17 15:22:57] [32minfo[39m: Server is running on port 8000
[2026-01-17 15:22:57] [32minfo[39m: Database connected successfully
[2026-01-17 15:22:57] [32minfo[39m: Connecting to MongoDB...
[2026-01-17 15:22:57] [32minfo[39m: Successfully connected to MongoDB
[2026-01-17 15:22:57] [32minfo[39m: MongoDB connected successfully
[2026-01-17 15:22:57] [32minfo[39m: Table questions created or already exists.
[2026-01-17 15:23:08] [32minfo[39m: Server is running on port 8000
[2026-01-17 15:23:08] [32minfo[39m: Database connected successfully
[2026-01-17 15:23:08] [32minfo[39m: Connecting to MongoDB...
[2026-01-17 15:23:08] [32minfo[39m: Successfully connected to MongoDB
[2026-01-17 15:23:08] [32minfo[39m: MongoDB connected successfully
[2026-01-17 15:23:08] [32minfo[39m: Table questions created or already exists.
[2026-01-17 15:23:12] [32minfo[39m: Server is running on port 8000
[2026-01-17 15:23:12] [32minfo[39m: Database connected successfully
[2026-01-17 15:23:12] [32minfo[39m: Connecting to MongoDB...
[2026-01-17 15:23:12] [32minfo[39m: Successfully connected to MongoDB
[2026-01-17 15:23:12] [32minfo[39m: MongoDB connected successfully
[2026-01-17 15:23:12] [32minfo[39m: Table questions created or already exists.
[2026-01-17 15:23:16] [32minfo[39m: Server is running on port 8000
[2026-01-17 15:23:16] [32minfo[39m: Database connected successfully
[2026-01-17 15:23:16] [32minfo[39m: Connecting to MongoDB...
[2026-01-17 15:23:16] [32minfo[39m: Successfully connected to MongoDB
[2026-01-17 15:23:16] [32minfo[39m: MongoDB connected successfully
[2026-01-17 15:23:16] [32minfo[39m: Table questions created or already exists.
[2026-01-17 15:23:18] [32minfo[39m: Server is running on port 8000
[2026-01-17 15:23:18] [32minfo[39m: Database connected successfully
[2026-01-17 15:23:18] [32minfo[39m: Connecting to MongoDB...
[2026-01-17 15:23:18] [32minfo[39m: Successfully connected to MongoDB
[2026-01-17 15:23:18] [32minfo[39m: MongoDB connected successfully
[2026-01-17 15:23:18] [32minfo[39m: Table questions created or already exists.
[2026-01-17 15:23:20] [32minfo[39m: Server is running on port 8000
[2026-01-17 15:23:20] [32minfo[39m: Database connected successfully
[2026-01-17 15:23:20] [32minfo[39m: Connecting to MongoDB...
[2026-01-17 15:23:20] [32minfo[39m: Successfully connected to MongoDB
[2026-01-17 15:23:20] [32minfo[39m: MongoDB connected successfully
[2026-01-17 15:23:20] [32minfo[39m: Table questions created or already exists.
[2026-01-17 15:32:32] [32minfo[39m: Server is running on port 8000
[2026-01-17 15:32:32] [32minfo[39m: Database connected successfully
[2026-01-17 15:32:32] [32minfo[39m: Connecting to MongoDB...
[2026-01-17 15:32:32] [32minfo[39m: Successfully connected to MongoDB
[2026-01-17 15:32:32] [32minfo[39m: MongoDB connected successfully
[2026-01-17 15:32:32] [32minfo[39m: Table questions created or already exists.
[2026-01-17 15:32:58] [32minfo[39m: Server is running on port 8000
[2026-01-17 15:32:58] [32minfo[39m: Database connected successfully
[2026-01-17 15:32:58] [32minfo[39m: Connecting to MongoDB...
[2026-01-17 15:32:58] [32minfo[39m: Successfully connected to MongoDB
[2026-01-17 15:32:58] [32minfo[39m: MongoDB connected successfully
[2026-01-17 15:32:58] [32minfo[39m: Table questions created or already exists.
[2026-01-17 15:32:59] [32minfo[39m: Server is running on port 8000
[2026-01-17 15:32:59] [32minfo[39m: Database connected successfully
[2026-01-17 15:32:59] [32minfo[39m: Connecting to MongoDB...
[2026-01-17 15:33:00] [32minfo[39m: Successfully connected to MongoDB
[2026-01-17 15:33:00] [32minfo[39m: MongoDB connected successfully
[2026-01-17 15:33:00] [32minfo[39m: Table questions created or already exists.
[2026-01-17 15:33:11] [32minfo[39m: Server is running on port 8000
[2026-01-17 15:33:11] [32minfo[39m: Database connected successfully
[2026-01-17 15:33:11] [32minfo[39m: Connecting to MongoDB...
[2026-01-17 15:33:11] [32minfo[39m: Successfully connected to MongoDB
[2026-01-17 15:33:11] [32minfo[39m: MongoDB connected successfully
[2026-01-17 15:33:11] [32minfo[39m: Table questions created or already exists.
[2026-01-17 15:37:04] [32minfo[39m: Server is running on port 8000
[2026-01-17 15:37:04] [32minfo[39m: Database connected successfully
[2026-01-17 15:37:04] [32minfo[39m: Connecting to MongoDB...
[2026-01-17 15:37:04] [32minfo[39m: Successfully connected to MongoDB
[2026-01-17 15:37:04] [32minfo[39m: MongoDB connected successfully
[2026-01-17 15:37:04] [32minfo[39m: Table questions created or already exists.
[2026-01-17 15:37:11] [32minfo[39m: Server is running on port 8000
[2026-01-17 15:37:11] [32minfo[39m: Database connected successfully
[2026-01-17 15:37:11] [32minfo[39m: Connecting to MongoDB...
[2026-01-17 15:37:11] [32minfo[39m: Successfully connected to MongoDB
[2026-01-17 15:37:11] [32minfo[39m: MongoDB connected successfully
[2026-01-17 15:37:11] [32minfo[39m: Table questions created or already exists.
[2026-01-17 15:37:21] [32minfo[39m: Server is running on port 8000
[2026-01-17 15:37:21] [32minfo[39m: Database connected successfully
[2026-01-17 15:37:21] [32minfo[39m: Connecting to MongoDB...
[2026-01-17 15:37:21] [32minfo[39m: Successfully connected to MongoDB
[2026-01-17 15:37:21] [32minfo[39m: MongoDB connected successfully
[2026-01-17 15:37:21] [32minfo[39m: Table questions created or already exists.
[2026-01-17 15:37:34] [32minfo[39m: Server is running on port 8000
[2026-01-17 15:37:34] [32minfo[39m: Database connected successfully
[2026-01-17 15:37:34] [32minfo[39m: Connecting to MongoDB...
[2026-01-17 15:37:34] [32minfo[39m: Successfully connected to MongoDB
[2026-01-17 15:37:34] [32minfo[39m: MongoDB connected successfully
[2026-01-17 15:37:34] [32minfo[39m: Table questions created or already exists.
[2026-01-17 15:37:35] [32minfo[39m: Server is running on port 8000
[2026-01-17 15:37:35] [32minfo[39m: Database connected successfully
[2026-01-17 15:37:35] [32minfo[39m: Connecting to MongoDB...
[2026-01-17 15:37:35] [32minfo[39m: Successfully connected to MongoDB
[2026-01-17 15:37:35] [32minfo[39m: MongoDB connected successfully
[2026-01-17 15:37:35] [32minfo[39m: Table questions created or already exists.
[2026-01-17 15:37:38] [32minfo[39m: Server is running on port 8000
[2026-01-17 15:37:39] [32minfo[39m: Database connected successfully
[2026-01-17 15:37:39] [32minfo[39m: Connecting to MongoDB...
[2026-01-17 15:37:39] [32minfo[39m: Successfully connected to MongoDB
[2026-01-17 15:37:39] [32minfo[39m: MongoDB connected successfully
[2026-01-17 15:37:39] [32minfo[39m: Table questions created or already exists.
[2026-01-17 15:37:43] [32minfo[39m: Server is running on port 8000
[2026-01-17 15:37:43] [32minfo[39m: Database connected successfully
[2026-01-17 15:37:43] [32minfo[39m: Connecting to MongoDB...
[2026-01-17 15:37:44] [32minfo[39m: Successfully connected to MongoDB
[2026-01-17 15:37:44] [32minfo[39m: MongoDB connected successfully
[2026-01-17 15:37:44] [32minfo[39m: Table questions created or already exists.
[2026-01-17 15:38:30] [32minfo[39m: [Controller] Submission 2257fee9-e274-4c87-9039-bae046edb5a2 queued.
[2026-01-17 15:45:13] [32minfo[39m: [Controller] Submission 2f3021b3-a8d4-4000-afd1-86f22ccc14b0 queued.
[2026-01-17 15:45:54] [32minfo[39m: [Controller] Submission 47fc8f62-f326-4a79-9cdc-391ecbb65c46 queued.
[2026-01-17 15:46:17] [32minfo[39m: [Controller] Submission 6a58222a-b884-4281-8588-69a652d467a2 queued.
[2026-01-17 15:46:54] [32minfo[39m: [Controller] Submission 64486c29-f77f-4474-8754-7a26dad26aad queued.
[2026-01-17 15:46:56] [32minfo[39m: [Controller] Submission 64a651fb-da97-4f75-9073-25e8b996f5e5 queued.
[2026-01-17 15:47:27] [32minfo[39m: [Controller] Submission 6b79e1a5-be42-4e8a-9dd3-2c33dd90b60c queued.
[2026-01-17 18:54:30] [32minfo[39m: Server is running on port 8000
[2026-01-17 18:54:30] [32minfo[39m: Database connected successfully
[2026-01-17 18:54:30] [32minfo[39m: Connecting to MongoDB...
[2026-01-17 18:54:30] [32minfo[39m: Successfully connected to MongoDB
[2026-01-17 18:54:30] [32minfo[39m: MongoDB connected successfully
[2026-01-17 18:54:30] [32minfo[39m: Table questions created or already exists.
[2026-01-17 18:54:57] [32minfo[39m: Server is running on port 8000
[2026-01-17 18:54:57] [32minfo[39m: Database connected successfully
[2026-01-17 18:54:57] [32minfo[39m: Connecting to MongoDB...
[2026-01-17 18:54:57] [32minfo[39m: Successfully connected to MongoDB
[2026-01-17 18:54:57] [32minfo[39m: MongoDB connected successfully
[2026-01-17 18:54:57] [32minfo[39m: Table questions created or already exists.
[2026-01-17 18:58:00] [32minfo[39m: Server is running on port 8000
[2026-01-17 18:58:00] [32minfo[39m: Database connected successfully
[2026-01-17 18:58:00] [32minfo[39m: Connecting to MongoDB...
[2026-01-17 18:58:00] [32minfo[39m: Successfully connected to MongoDB
[2026-01-17 18:58:00] [32minfo[39m: MongoDB connected successfully
[2026-01-17 18:58:00] [32minfo[39m: Table questions created or already exists.
[2026-01-17 18:58:07] [32minfo[39m: Server is running on port 8000
[2026-01-17 18:58:07] [32minfo[39m: Database connected successfully
[2026-01-17 18:58:07] [32minfo[39m: Connecting to MongoDB...
[2026-01-17 18:58:07] [32minfo[39m: Successfully connected to MongoDB
[2026-01-17 18:58:07] [32minfo[39m: MongoDB connected successfully
[2026-01-17 18:58:07] [32minfo[39m: Table questions created or already exists.
[2026-01-17 18:58:09] [32minfo[39m: Server is running on port 8000
[2026-01-17 18:58:09] [32minfo[39m: Database connected successfully
[2026-01-17 18:58:09] [32minfo[39m: Connecting to MongoDB...
[2026-01-17 18:58:09] [32minfo[39m: Successfully connected to MongoDB
[2026-01-17 18:58:09] [32minfo[39m: MongoDB connected successfully
[2026-01-17 18:58:09] [32minfo[39m: Table questions created or already exists.
[2026-01-17 18:58:58] [32minfo[39m: Server is running on port 8000
[2026-01-17 18:58:58] [32minfo[39m: Database connected successfully
[2026-01-17 18:58:58] [32minfo[39m: Connecting to MongoDB...
[2026-01-17 18:58:58] [32minfo[39m: Successfully connected to MongoDB
[2026-01-17 18:58:58] [32minfo[39m: MongoDB connected successfully
[2026-01-17 18:58:58] [32minfo[39m: Table questions created or already exists.
[2026-01-17 18:59:09] [32minfo[39m: Server is running on port 8000
[2026-01-17 18:59:09] [32minfo[39m: Database connected successfully
[2026-01-17 18:59:09] [32minfo[39m: Connecting to MongoDB...
[2026-01-17 18:59:09] [32minfo[39m: Successfully connected to MongoDB
[2026-01-17 18:59:09] [32minfo[39m: MongoDB connected successfully
[2026-01-17 18:59:09] [32minfo[39m: Table questions created or already exists.
[2026-01-17 18:59:13] [32minfo[39m: Server is running on port 8000
[2026-01-17 18:59:13] [32minfo[39m: Database connected successfully
[2026-01-17 18:59:13] [32minfo[39m: Connecting to MongoDB...
[2026-01-17 18:59:13] [32minfo[39m: Successfully connected to MongoDB
[2026-01-17 18:59:13] [32minfo[39m: MongoDB connected successfully
[2026-01-17 18:59:13] [32minfo[39m: Table questions created or already exists.
[2026-01-17 18:59:16] [32minfo[39m: Server is running on port 8000
[2026-01-17 18:59:16] [32minfo[39m: Database connected successfully
[2026-01-17 18:59:16] [32minfo[39m: Connecting to MongoDB...
[2026-01-17 18:59:16] [32minfo[39m: Successfully connected to MongoDB
[2026-01-17 18:59:16] [32minfo[39m: MongoDB connected successfully
[2026-01-17 18:59:16] [32minfo[39m: Table questions created or already exists.
[2026-01-17 18:59:18] [32minfo[39m: Server is running on port 8000
[2026-01-17 18:59:19] [32minfo[39m: Database connected successfully
[2026-01-17 18:59:19] [32minfo[39m: Connecting to MongoDB...
[2026-01-17 18:59:19] [32minfo[39m: Successfully connected to MongoDB
[2026-01-17 18:59:19] [32minfo[39m: MongoDB connected successfully
[2026-01-17 18:59:19] [32minfo[39m: Table questions created or already exists.
[2026-01-17 18:59:33] [32minfo[39m: Server is running on port 8000
[2026-01-17 18:59:33] [32minfo[39m: Database connected successfully
[2026-01-17 18:59:33] [32minfo[39m: Connecting to MongoDB...
[2026-01-17 18:59:33] [32minfo[39m: Successfully connected to MongoDB
[2026-01-17 18:59:33] [32minfo[39m: MongoDB connected successfully
[2026-01-17 18:59:33] [32minfo[39m: Table questions created or already exists.
[2026-01-17 18:59:37] [32minfo[39m: Server is running on port 8000
[2026-01-17 18:59:37] [32minfo[39m: Database connected successfully
[2026-01-17 18:59:37] [32minfo[39m: Connecting to MongoDB...
[2026-01-17 18:59:37] [32minfo[39m: Successfully connected to MongoDB
[2026-01-17 18:59:37] [32minfo[39m: MongoDB connected successfully
[2026-01-17 18:59:37] [32minfo[39m: Table questions created or already exists.
[2026-01-17 18:59:38] [32minfo[39m: Server is running on port 8000
[2026-01-17 18:59:38] [32minfo[39m: Database connected successfully
[2026-01-17 18:59:38] [32minfo[39m: Connecting to MongoDB...
[2026-01-17 18:59:38] [32minfo[39m: Successfully connected to MongoDB
[2026-01-17 18:59:38] [32minfo[39m: MongoDB connected successfully
[2026-01-17 18:59:38] [32minfo[39m: Table questions created or already exists.
[2026-01-17 19:00:35] [32minfo[39m: Server is running on port 8000
[2026-01-17 19:00:35] [32minfo[39m: Database connected successfully
[2026-01-17 19:00:35] [32minfo[39m: Connecting to MongoDB...
[2026-01-17 19:00:35] [32minfo[39m: Successfully connected to MongoDB
[2026-01-17 19:00:35] [32minfo[39m: MongoDB connected successfully
[2026-01-17 19:00:35] [32minfo[39m: Table questions created or already exists.
[2026-01-17 19:00:41] [32minfo[39m: Server is running on port 8000
[2026-01-17 19:00:41] [32minfo[39m: Database connected successfully
[2026-01-17 19:00:41] [32minfo[39m: Connecting to MongoDB...
[2026-01-17 19:00:41] [32minfo[39m: Successfully connected to MongoDB
[2026-01-17 19:00:41] [32minfo[39m: MongoDB connected successfully
[2026-01-17 19:00:41] [32minfo[39m: Table questions created or already exists.
[2026-01-17 19:00:44] [32minfo[39m: Server is running on port 8000
[2026-01-17 19:00:44] [32minfo[39m: Database connected successfully
[2026-01-17 19:00:44] [32minfo[39m: Connecting to MongoDB...
[2026-01-17 19:00:44] [32minfo[39m: Successfully connected to MongoDB
[2026-01-17 19:00:44] [32minfo[39m: MongoDB connected successfully
[2026-01-17 19:00:44] [32minfo[39m: Table questions created or already exists.
[2026-01-17 21:30:40] [32minfo[39m: Server is running on port 8000
[2026-01-17 21:30:40] [32minfo[39m: Database connected successfully
[2026-01-17 21:30:40] [32minfo[39m: Connecting to MongoDB...
[2026-01-17 21:30:40] [32minfo[39m: Successfully connected to MongoDB
[2026-01-17 21:30:40] [32minfo[39m: MongoDB connected successfully
[2026-01-17 21:30:40] [32minfo[39m: Table questions created or already exists.
[2026-01-17 21:33:56] [32minfo[39m: [Controller] Submission a1198523-417f-46c8-b7f1-1b4152910d2c queued.
[2026-01-17 21:34:32] [32minfo[39m: [Controller] Submission f8ac5b16-df0f-4354-a1d8-69f38ee28def queued.
